Rank,Score,GenFound,Sequence
1,0.8533333333333334,33,FGVKWQVVALSVAVKLLYLYLPWRLGNLAALKIP
2,0.8333333333333334,32,FGVKWQVVALSVAVKLLYLYLPWRLGVNAALKIP
3,0.8066666666666666,23,FGVKWQVVALSVAVKLLYLYLPARLGKLAALKPP
4,0.8066666666666666,30,FGVKWQVVALSVAVKLLYLYLPADLGKLAALKPP
5,0.7933333333333333,22,FDVKWQVVALSWALKTSYLYLPARLGKLKAPKPP
6,0.78,19,FGVKWQVVALSWALKLSYLYLPARLGKLAKLKPP
7,0.7666666666666667,16,SVWQLQKWARPVALKLDYLYQFATLGSLAKLKPK
8,0.7266666666666667,15,RHWTLQKVHAQVALKLDYLYLFAYLGKLANLKPK
9,0.7066666666666667,9,YAWTLNKLNFNKALTIDPLKNVYKLKKLAKLKWK
10,0.7066666666666667,12,SIWQLQKVARPVALKLDYLYQFATLGQLAKLKPK
11,0.7066666666666667,13,YAWTLNKLNRPVALKLDYLYQFATWGQLQKLKPV
12,0.6533333333333333,7,SAWQLYGSARPKALKNDYLYIFATFGQLAKLKPK
13,0.6333333333333333,3,WPIYVNQLHAVKALDTQPHKHFKKLGKLATPHWK
14,0.6066666666666667,2,SAWNLYGSARPKALKNDYLYIFATFGKLAKLKPK
15,0.54,1,KQWNPRLHFRLKAIKNEKLYIFAWYGQLAALKPR
