ParetoRank,CrowdingDistance,SourceRank,SourceScore,GenFound,Sequence,ActivityObjective,SafetyObjective,AmphipathicityObjective,ChargeObjective,ScaffoldRescueObjective,SynthesizabilityObjective,EmbeddingStatus
1,inf,1,0.8533333333333334,33,FGVKWQVVALSVAVKLLYLYLPWRLGNLAALKIP,0.8533333333333334,1.0,0.5719000337405442,0.75,0.940981430083919,1.0,fallback_descriptors: No module named 'torch'
1,inf,4,0.8066666666666666,30,FGVKWQVVALSVAVKLLYLYLPADLGKLAALKPP,0.8066666666666666,1.0,0.5792870578718182,0.6666666666666667,0.938753226480944,1.0,fallback_descriptors: No module named 'torch'
1,inf,9,0.7066666666666667,9,YAWTLNKLNFNKALTIDPLKNVYKLKKLAKLKWK,0.7066666666666667,1.0,0.5190245310011471,0.9166666666666666,0.9737404570954535,1.0,fallback_descriptors: No module named 'torch'
1,inf,13,0.6333333333333333,3,WPIYVNQLHAVKALDTQPHKHFKKLGKLATPHWK,0.6333333333333333,1.0,0.7768735349298059,0.8333333333333334,0.8792012495523676,1.0,fallback_descriptors: No module named 'torch'
1,inf,14,0.6066666666666667,2,SAWNLYGSARPKALKNDYLYIFATFGKLAKLKPK,0.6066666666666667,1.0,0.5377784422156121,0.9166666666666666,0.9830828776127731,1.0,fallback_descriptors: No module named 'torch'
1,inf,15,0.54,1,KQWNPRLHFRLKAIKNEKLYIFAWYGQLAALKPR,0.54,1.0,0.6262142856393158,1.0,0.9673082294797322,1.0,fallback_descriptors: No module named 'torch'
1,1.4231168889922796,11,0.7066666666666667,13,YAWTLNKLNRPVALKLDYLYQFATWGQLQKLKPV,0.7066666666666667,1.0,0.7760908854859868,0.75,0.8936537600468746,1.0,fallback_descriptors: No module named 'torch'
1,0.7693192181321297,7,0.7666666666666667,16,SVWQLQKWARPVALKLDYLYQFATLGSLAKLKPK,0.7666666666666667,1.0,0.671578347654284,0.8333333333333334,0.9471340560491981,1.0,fallback_descriptors: No module named 'torch'
1,0.6467080263555822,12,0.6533333333333333,7,SAWQLYGSARPKALKNDYLYIFATFGQLAKLKPK,0.6533333333333333,1.0,0.5357229555444887,0.8333333333333334,0.9757771926094996,1.0,fallback_descriptors: No module named 'torch'
1,0.5979112838937557,6,0.78,19,FGVKWQVVALSWALKLSYLYLPARLGKLAKLKPP,0.78,1.0,0.6691041308479974,0.9166666666666666,0.9591023199136723,1.0,fallback_descriptors: No module named 'torch'
1,0.34609426202167937,5,0.7933333333333333,22,FDVKWQVVALSWALKTSYLYLPARLGKLKAPKPP,0.7933333333333333,1.0,0.5887217292362829,0.8333333333333334,0.9625086873493505,1.0,fallback_descriptors: No module named 'torch'
1,0.29009546210500387,3,0.8066666666666666,23,FGVKWQVVALSVAVKLLYLYLPARLGKLAALKPP,0.8066666666666666,1.0,0.5685048868300127,0.8333333333333334,0.95348425788254,1.0,fallback_descriptors: No module named 'torch'
2,inf,2,0.8333333333333334,32,FGVKWQVVALSVAVKLLYLYLPWRLGVNAALKIP,0.8333333333333334,1.0,0.49303864996162616,0.75,0.9299921878412611,1.0,fallback_descriptors: No module named 'torch'
2,inf,8,0.7266666666666667,15,RHWTLQKVHAQVALKLDYLYLFAYLGKLANLKPK,0.7266666666666667,1.0,0.4720251508578619,0.8333333333333334,0.9592718227140706,1.0,fallback_descriptors: No module named 'torch'
2,inf,10,0.7066666666666667,12,SIWQLQKVARPVALKLDYLYQFATLGQLAKLKPK,0.7066666666666667,1.0,0.6692805730034987,0.8333333333333334,0.946706123184307,1.0,fallback_descriptors: No module named 'torch'
