ParetoRank,CrowdingDistance,SourceRank,SourceScore,GenFound,Sequence,NetCharge,StrongHydrophobicFraction,LongestHydrophobicRun,HydrophobicMoment,AlternationScore,PredictedActivity,SafetyNoCys,Amphipathicity,ChargeSuitability,ScaffoldSimilarity,Synthesizability,HydrophobicRunSafety,HydrophobicExcessSafety
1,inf,2,0.8333333333333334,32,FGVKWQVVALSVAVKLLYLYLPWRLGVNAALKIP,4,0.5,2,0.09134045781798919,0.8947368421052632,0.552,1.0,0.49303864996162616,0.75,0.9471753239631653,1.0,1.0,1.0
1,inf,3,0.8066666666666666,23,FGVKWQVVALSVAVKLLYLYLPARLGKLAALKPP,5,0.4411764705882353,2,0.2546568324835547,0.8823529411764706,0.604,1.0,0.5685048868300127,0.8333333333333334,0.9446189403533936,1.0,1.0,1.0
1,inf,4,0.8066666666666666,30,FGVKWQVVALSVAVKLLYLYLPADLGKLAALKPP,3,0.4411764705882353,2,0.27622117456716594,0.8823529411764706,0.584,1.0,0.5792870578718182,0.6666666666666667,0.9447834491729736,1.0,1.0,1.0
1,inf,13,0.6333333333333333,3,WPIYVNQLHAVKALDTQPHKHFKKLGKLATPHWK,5,0.29411764705882354,1,0.8695365435438225,0.6842105263157895,0.408,1.0,0.7768735349298059,0.8333333333333334,0.9674633741378784,1.0,1.0,1.0
1,inf,14,0.6066666666666667,2,SAWNLYGSARPKALKNDYLYIFATFGKLAKLKPK,6,0.2647058823529412,2,0.34222355109789093,0.7333333333333333,0.324,1.0,0.5377784422156121,0.9166666666666666,0.9906452298164368,1.0,1.0,1.0
1,inf,15,0.54,1,KQWNPRLHFRLKAIKNEKLYIFAWYGQLAALKPR,7,0.3235294117647059,2,0.5024285712786315,0.75,0.388,1.0,0.6262142856393158,1.0,0.9754745960235596,1.0,1.0,1.0
1,1.0747335451875395,6,0.78,19,FGVKWQVVALSWALKLSYLYLPARLGKLAKLKPP,6,0.4117647058823529,2,0.4493193728071059,0.8888888888888888,0.52,1.0,0.6691041308479974,0.9166666666666666,0.9650691151618958,1.0,1.0,1.0
1,0.885742201142302,11,0.7066666666666667,13,YAWTLNKLNRPVALKLDYLYQFATWGQLQKLKPV,4,0.35294117647058826,1,0.7902770090672118,0.7619047619047619,0.44,1.0,0.7760908854859868,0.75,0.9739297032356262,1.0,1.0,1.0
1,0.8138481661731041,12,0.6533333333333333,7,SAWQLYGSARPKALKNDYLYIFATFGQLAKLKPK,5,0.2647058823529412,2,0.3381125777556442,0.7333333333333333,0.336,1.0,0.5357229555444887,0.8333333333333334,0.9855460524559021,1.0,1.0,1.0
1,0.5486820624194935,5,0.7933333333333333,22,FDVKWQVVALSWALKTSYLYLPARLGKLKAPKPP,5,0.35294117647058826,2,0.38796977426203944,0.7894736842105263,0.456,1.0,0.5887217292362829,0.8333333333333334,0.9681535363197327,1.0,1.0,1.0
1,0.5410464638563403,1,0.8533333333333334,33,FGVKWQVVALSVAVKLLYLYLPWRLGNLAALKIP,4,0.5,2,0.24906322537582526,0.8947368421052632,0.536,1.0,0.5719000337405442,0.75,0.9496378898620605,1.0,1.0,1.0
1,0.486708963563852,9,0.7066666666666667,9,YAWTLNKLNFNKALTIDPLKNVYKLKKLAKLKWK,8,0.35294117647058826,1,0.23804906200229414,0.8,0.452,1.0,0.5190245310011471,0.9166666666666666,0.9750797152519226,1.0,1.0,1.0
1,0.4563194664316584,7,0.7666666666666667,16,SVWQLQKWARPVALKLDYLYQFATLGSLAKLKPK,5,0.35294117647058826,2,0.5536830110980417,0.7894736842105263,0.4,1.0,0.671578347654284,0.8333333333333334,0.9752728343009949,1.0,1.0,1.0
1,0.34182246075607764,10,0.7066666666666667,12,SIWQLQKVARPVALKLDYLYQFATLGQLAKLKPK,5,0.35294117647058826,2,0.549087461796471,0.7894736842105263,0.42,1.0,0.6692805730034987,0.8333333333333334,0.9782547950744629,1.0,1.0,1.0
2,inf,8,0.7266666666666667,15,RHWTLQKVHAQVALKLDYLYLFAYLGKLANLKPK,5,0.35294117647058826,2,0.1345264921919142,0.8095238095238095,0.456,1.0,0.4720251508578619,0.8333333333333334,0.9676414132118225,1.0,1.0,1.0
