CandidateRank,CandidateSequence,AnchorIdentity,AnchorLevenshtein,NearestTrainingSequence,NearestTrainingIdentity,NearestTrainingLevenshtein
1,FGVKWQVVALSVAVKLLYLYLPWRLGNLAALKIP,0.3235294117647059,23,KAWNLRGSAREKAIKNEKLYIFATSGKLAALKPK,0.3235294117647059,23
2,FGVKWQVVALSVAVKLLYLYLPWRLGVNAALKIP,0.29411764705882354,24,KAWNLRGSAREKAIKNEKLYIFATSGKLAALKPK,0.29411764705882354,24
3,FGVKWQVVALSVAVKLLYLYLPARLGKLAALKPP,0.4117647058823529,20,KAWNLRGSAREKAIKNEKLYIFATSGKLAALKPK,0.4117647058823529,20
4,FGVKWQVVALSVAVKLLYLYLPADLGKLAALKPP,0.4117647058823529,20,KAWNLRGSAREKAIKNEKLYIFATSGKLAALKPK,0.4117647058823529,20
5,FDVKWQVVALSWALKTSYLYLPARLGKLKAPKPP,0.35294117647058826,22,KAWNLRGSAREKAIKNEKLYIFATSGKLAALKPK,0.35294117647058826,22
6,FGVKWQVVALSWALKLSYLYLPARLGKLAKLKPP,0.38235294117647056,21,KAWNLRGSAREKAIKNEKLYIFATSGKLAALKPK,0.38235294117647056,21
7,SVWQLQKWARPVALKLDYLYQFATLGSLAKLKPK,0.5294117647058824,16,KAWNLRGSAREKAIKNEKLYIFATSGKLAALKPK,0.5294117647058824,16
8,RHWTLQKVHAQVALKLDYLYLFAYLGKLANLKPK,0.47058823529411764,18,KAWNLRGSAREKAIKNEKLYIFATSGKLAALKPK,0.47058823529411764,18
9,YAWTLNKLNFNKALTIDPLKNVYKLKKLAKLKWK,0.35294117647058826,22,KAWNLRGSAREKAIKNEKLYIFATSGKLAALKPK,0.35294117647058826,22
10,SIWQLQKVARPVALKLDYLYQFATLGQLAKLKPK,0.5294117647058824,16,KAWNLRGSAREKAIKNEKLYIFATSGKLAALKPK,0.5294117647058824,16
11,YAWTLNKLNRPVALKLDYLYQFATWGQLQKLKPV,0.47058823529411764,18,KAWNLRGSAREKAIKNEKLYIFATSGKLAALKPK,0.47058823529411764,18
12,SAWQLYGSARPKALKNDYLYIFATFGQLAKLKPK,0.7058823529411765,10,KAWNLRGSAREKAIKNEKLYIFATSGKLAALKPK,0.7058823529411765,10
13,WPIYVNQLHAVKALDTQPHKHFKKLGKLATPHWK,0.23529411764705882,26,KAWNLRGSAREKAIKNEKLYIFATSGKLAALKPK,0.23529411764705882,26
14,SAWNLYGSARPKALKNDYLYIFATFGKLAKLKPK,0.7647058823529411,8,KAWNLRGSAREKAIKNEKLYIFATSGKLAALKPK,0.7647058823529411,8
15,KQWNPRLHFRLKAIKNEKLYIFAWYGQLAALKPR,0.7058823529411765,10,KAWNLRGSAREKAIKNEKLYIFATSGKLAALKPK,0.7058823529411765,10
