FeatureSet,Model,Fold,Accuracy,ROC_AUC,Precision,Recall,F1
DescriptorOnly,LogisticRegression,1,0.7142857142857143,0.8562091503267975,0.6666666666666666,0.8888888888888888,0.7619047619047619
DescriptorOnly,LogisticRegression,2,0.6764705882352942,0.7335640138408305,0.7142857142857143,0.5882352941176471,0.6451612903225806
DescriptorOnly,LogisticRegression,3,0.6764705882352942,0.6712802768166091,0.6363636363636364,0.8235294117647058,0.717948717948718
DescriptorOnly,LogisticRegression,4,0.7352941176470589,0.7777777777777777,0.7647058823529411,0.7222222222222222,0.7428571428571429
DescriptorOnly,LogisticRegression,5,0.5588235294117647,0.625,0.5714285714285714,0.6666666666666666,0.6153846153846154
DescriptorOnly,RandomForest,1,0.7428571428571429,0.8513071895424836,0.7368421052631579,0.7777777777777778,0.7567567567567568
DescriptorOnly,RandomForest,2,0.6764705882352942,0.7439446366782008,0.7142857142857143,0.5882352941176471,0.6451612903225806
DescriptorOnly,RandomForest,3,0.6470588235294118,0.7975778546712803,0.6,0.8823529411764706,0.7142857142857143
DescriptorOnly,RandomForest,4,0.7352941176470589,0.8159722222222221,0.7647058823529411,0.7222222222222222,0.7428571428571429
DescriptorOnly,RandomForest,5,0.6176470588235294,0.6788194444444444,0.6470588235294118,0.6111111111111112,0.6285714285714286
DescriptorOnly,HistGradientBoosting,1,0.7142857142857143,0.8398692810457516,0.7,0.7777777777777778,0.7368421052631579
DescriptorOnly,HistGradientBoosting,2,0.6764705882352942,0.7958477508650519,0.6875,0.6470588235294118,0.6666666666666666
DescriptorOnly,HistGradientBoosting,3,0.5882352941176471,0.7335640138408304,0.5652173913043478,0.7647058823529411,0.65
DescriptorOnly,HistGradientBoosting,4,0.6764705882352942,0.8020833333333333,0.7333333333333333,0.6111111111111112,0.6666666666666666
DescriptorOnly,HistGradientBoosting,5,0.5882352941176471,0.7152777777777777,0.6428571428571429,0.5,0.5625
ESM2Only,LogisticRegression,1,0.8,0.8137254901960784,0.7894736842105263,0.8333333333333334,0.8108108108108109
ESM2Only,LogisticRegression,2,0.7352941176470589,0.7854671280276816,0.75,0.7058823529411765,0.7272727272727273
ESM2Only,LogisticRegression,3,0.6176470588235294,0.629757785467128,0.5909090909090909,0.7647058823529411,0.6666666666666666
ESM2Only,LogisticRegression,4,0.7941176470588235,0.7291666666666667,0.8235294117647058,0.7777777777777778,0.8
ESM2Only,LogisticRegression,5,0.7058823529411765,0.71875,0.7,0.7777777777777778,0.7368421052631579
ESM2Only,RandomForest,1,0.7142857142857143,0.8366013071895424,0.7222222222222222,0.7222222222222222,0.7222222222222222
ESM2Only,RandomForest,2,0.7352941176470589,0.7802768166089966,0.8333333333333334,0.5882352941176471,0.6896551724137931
ESM2Only,RandomForest,3,0.7058823529411765,0.7993079584775087,0.6666666666666666,0.8235294117647058,0.7368421052631579
ESM2Only,RandomForest,4,0.7941176470588235,0.8211805555555556,0.8666666666666667,0.7222222222222222,0.7878787878787878
ESM2Only,RandomForest,5,0.6764705882352942,0.7708333333333333,0.6842105263157895,0.7222222222222222,0.7027027027027027
ESM2Only,HistGradientBoosting,1,0.6857142857142857,0.803921568627451,0.6666666666666666,0.7777777777777778,0.717948717948718
ESM2Only,HistGradientBoosting,2,0.7058823529411765,0.7785467128027682,0.7333333333333333,0.6470588235294118,0.6875
ESM2Only,HistGradientBoosting,3,0.7352941176470589,0.7889273356401384,0.7222222222222222,0.7647058823529411,0.7428571428571429
ESM2Only,HistGradientBoosting,4,0.7647058823529411,0.8090277777777778,0.7777777777777778,0.7777777777777778,0.7777777777777778
ESM2Only,HistGradientBoosting,5,0.7058823529411765,0.7604166666666667,0.7222222222222222,0.7222222222222222,0.7222222222222222
DescriptorPlusESM2,LogisticRegression,1,0.7428571428571429,0.8366013071895424,0.7142857142857143,0.8333333333333334,0.7692307692307693
DescriptorPlusESM2,LogisticRegression,2,0.7352941176470589,0.7681660899653979,0.7857142857142857,0.6470588235294118,0.7096774193548387
DescriptorPlusESM2,LogisticRegression,3,0.7352941176470589,0.7647058823529411,0.7,0.8235294117647058,0.7567567567567568
DescriptorPlusESM2,LogisticRegression,4,0.7941176470588235,0.763888888888889,0.8235294117647058,0.7777777777777778,0.8
DescriptorPlusESM2,LogisticRegression,5,0.7058823529411765,0.6979166666666667,0.7222222222222222,0.7222222222222222,0.7222222222222222
DescriptorPlusESM2,RandomForest,1,0.7714285714285715,0.8758169934640523,0.7272727272727273,0.8888888888888888,0.8
DescriptorPlusESM2,RandomForest,2,0.7352941176470589,0.7560553633217993,0.8333333333333334,0.5882352941176471,0.6896551724137931
DescriptorPlusESM2,RandomForest,3,0.7352941176470589,0.8010380622837371,0.7,0.8235294117647058,0.7567567567567568
DescriptorPlusESM2,RandomForest,4,0.7352941176470589,0.8020833333333334,0.7647058823529411,0.7222222222222222,0.7428571428571429
DescriptorPlusESM2,RandomForest,5,0.6764705882352942,0.7795138888888888,0.6842105263157895,0.7222222222222222,0.7027027027027027
DescriptorPlusESM2,HistGradientBoosting,1,0.7142857142857143,0.8006535947712419,0.7,0.7777777777777778,0.7368421052631579
DescriptorPlusESM2,HistGradientBoosting,2,0.7352941176470589,0.7162629757785467,0.8333333333333334,0.5882352941176471,0.6896551724137931
DescriptorPlusESM2,HistGradientBoosting,3,0.6764705882352942,0.7854671280276817,0.6666666666666666,0.7058823529411765,0.6857142857142857
DescriptorPlusESM2,HistGradientBoosting,4,0.7647058823529411,0.8298611111111112,0.7777777777777778,0.7777777777777778,0.7777777777777778
DescriptorPlusESM2,HistGradientBoosting,5,0.6470588235294118,0.7256944444444444,0.6666666666666666,0.6666666666666666,0.6666666666666666
