Method,Sequence,CysFree,HydrophobicRunViolation,StrongHydrophobicFraction,NetCharge,HydrophobicMoment,TopScore,ParetoRank
RandomMutation,KLWNLRGSAREKAIKNEKLYIFATSGKLAALKPK,True,False,0.2647058823529412,7,0.2572255520886349,,
RandomMutation,KAWNLRWSAREKAIFNEKLYIFATSGKLAALKPK,True,False,0.29411764705882354,6,0.024283186995545988,,
RandomMutation,KAWNLRGSAREKAIKNEKLYIFATSGKCAALKPK,False,False,0.20588235294117646,7,0.18170865901565703,,
RandomMutation,KAWNLHGSAREKAIKNEKLYIFATSGKLAALKPK,True,False,0.23529411764705882,6,0.24681040991516548,,
RandomMutation,KAWNLRGSAREKWIKNEKLYIFATSGKLAALKAK,True,False,0.2647058823529412,7,0.04030529134556138,,
RandomMutation,KAWNLRGSARRKAISNEALYILATSGKLAALKPK,True,False,0.23529411764705882,7,0.13403564136677124,,
RandomMutation,KAWNLRDSAREKANKNEKLYIFATSGKLAALKPK,True,False,0.20588235294117646,6,0.37484294293477793,,
RandomMutation,KARNLRPPAREKAIKNEKLYIFLTSGKLAALKPK,True,True,0.23529411764705882,8,0.25129153749607475,,
RandomMutation,KAWNLRGSAREKAIKNEKPYIFATSGKLAALKPK,True,False,0.20588235294117646,7,0.3440629940306384,,
RandomMutation,KAINLRGSAREKEIENEKDYIFATKGKLAALKPK,True,False,0.20588235294117646,4,0.38823018683479604,,
RandomMutation,KAWNGRGSAREKALKNEKLYIFAPSGKLAALKPK,True,False,0.20588235294117646,7,0.221788223037874,,
RandomMutation,KAWILRGSAREKAINGEWLYIFATSGKLAQLKPK,True,True,0.29411764705882354,5,0.1983664049656394,,
RandomMutation,KAWNLRGSAREKAIKNEKLYQFATSGKLAALKPK,True,False,0.20588235294117646,7,0.2280108610569397,,
RandomMutation,KAWNHRGSAREKAIKNEKLYHFATSGKLAALQPK,True,False,0.17647058823529413,6,0.1336958576837615,,
RandomMutation,KAWNLRGSKKEKAIKNYKLYIFATSGKYAALKPK,True,False,0.20588235294117646,9,0.11395934707261883,,
RandomMutation,KAWELRGSVREKAIKNEKLYIFAISGKLAALDPK,True,False,0.29411764705882354,4,0.4025558790089354,,
RandomMutation,KAWNQRGSARRKAIKNEKLYIFATSGKLAALKPK,True,False,0.20588235294117646,9,0.32717122955670347,,
RandomMutation,EAWNLRGSAREKAIKNWNLYIFATSGKLAVLKPK,True,False,0.29411764705882354,5,0.23325413759845565,,
RandomMutation,KAWNLRGSAREKAIKNEKRYIFATSGKLAALKPK,True,False,0.20588235294117646,8,0.42356796417504805,,
RandomMutation,KAWNLRGSAREKAIKNVKLYIFATSGKLACLKPK,False,False,0.2647058823529412,8,0.41460390985911433,,
RandomMutation,KAWNLRGSAREKAIKNEKLTIFATSGKLAALKEK,True,False,0.23529411764705882,6,0.27841881555765224,,
RandomMutation,KFWNLRGSAREKGIKNEKLYTFAGSGKLAALKPA,True,False,0.23529411764705882,6,0.3273423277121042,,
RandomMutation,KAWILDGSAREKAIKNEKLIIFATSGKLAALKPK,True,True,0.29411764705882354,5,0.15148999736257115,,
RandomMutation,KAWNWRGSGRLKAIKNEKLYIFATSGKLAAWKPK,True,False,0.2647058823529412,8,0.38385068193067384,,
RandomMutation,KAWNLRGSAREKMIKNEKLYIFATSPKHEALKPK,True,False,0.20588235294117646,6,0.30650296630165946,,
RandomMutation,KAWNLRGSAREKAIDNEKLYIAATSGKLAALKPK,True,False,0.20588235294117646,5,0.22491892856627563,,
RandomMutation,KAMNCRGSAREKAIENEKLYIFATSGKLAALKPK,False,False,0.17647058823529413,5,0.2656154957117871,,
RandomMutation,KAWNLRGSAREKAIKNEKLYIFATSGKLAALKIK,True,False,0.2647058823529412,7,0.029593027415810803,,
RandomMutation,KAWNLRGSYREKAIKNEKLYIFATSGKLAAIHPK,True,False,0.23529411764705882,6,0.20514007360600556,,
RandomMutation,KAWNLRESAREKAIKNEKLYIFATSGHRAALKPK,True,False,0.20588235294117646,6,0.2740595447119219,,
RandomMutation,KAWQLRGSAREKAIKHEKLYIEATSGKLAALKPK,True,False,0.20588235294117646,6,0.39189109080137546,,
RandomMutation,KAWNLRGSAREKAIKNEKLYIFATSGKGGALKPK,True,False,0.20588235294117646,7,0.20659373990763874,,
RandomMutation,KAWNSRCSAREKAIKNEKLYIFATSGKLAKLKPK,False,False,0.20588235294117646,8,0.4670291577282657,,
RandomMutation,DAWNLRGSAREKAIKGEKLYIFATSCTLAAHKPK,False,False,0.20588235294117646,4,0.14340806719253363,,
RandomMutation,KAWNLRGSAREKAIKNEKLYIFATLGKLAALKPK,True,False,0.2647058823529412,7,0.2249203253317111,,
RandomMutation,KAWNLRGSAREKMCKNEKRYIFATSGKLAALFPK,False,False,0.20588235294117646,7,0.5104144256160029,,
RandomMutation,KAWVLRGSAREKAIKNEKLYIFATSGKLAAVKPG,True,True,0.2647058823529412,6,0.04141701233797378,,
RandomMutation,KAWNLRGSAREDAIKNEKLYIFATSGKLAALKPK,True,False,0.23529411764705882,5,0.2032296809675935,,
RandomMutation,KADNIRGSAREKAIKYEKLYIFATSEYLAALKPK,True,False,0.20588235294117646,4,0.35700310165998766,,
RandomMutation,KAWNLRGSMREKAIKNQKLYKFATSGKLAALKPN,True,False,0.20588235294117646,8,0.24965560933692962,,
RandomMutation,SAWNLRDSAREKAVKNEKLYDFATSGKLAALKPK,True,False,0.20588235294117646,4,0.36790869237620843,,
RandomMutation,KAWNIRGSPREKAIKNEKLYIFALSGKLAALKPK,True,False,0.2647058823529412,7,0.29369466554493,,
RandomMutation,KAWNLRGSAREKAIKNEKLTIFATSGKLWALKPK,True,False,0.2647058823529412,7,0.29086610009076413,,
RandomMutation,KAWNLRGSAREKAIKNEKLEIFATSGKLAALKPK,True,False,0.23529411764705882,6,0.1630289116554809,,
RandomMutation,KAWNLRWSAREKAIKNFKLYIFATSGKLAALKPK,True,False,0.29411764705882354,8,0.38764341947829617,,
RandomMutation,KAWNLRGSAREKANKNEMLYIFATSGKLAALKPK,True,False,0.20588235294117646,6,0.12151071367736875,,
RandomMutation,KAWNLRGSAREKAIKNVKLYIFATSGKLAALLPK,True,False,0.29411764705882354,7,0.5470922889777305,,
RandomMutation,KAWNLQGSAREKAIKNEKLYIFATSGKLAALKPK,True,False,0.23529411764705882,6,0.23798903081305559,,
RandomMutation,KAANLRGSAREKAIKNHKLYIGATSGKLAALKPK,True,False,0.17647058823529413,8,0.3466522012003241,,
RandomMutation,EANNFRGSAREKAIKNEKLYIFATSGKWAALKPK,True,False,0.20588235294117646,5,0.15161525118511715,,
RandomMutation,KANNLRGSDQEKAKKNEKLNIFATSGKLAALKPK,True,False,0.17647058823529413,6,0.12146918816344675,,
RandomMutation,KAWNLRGSAREKAIKNEKLYIFWTSGKLAALKPK,True,True,0.2647058823529412,7,0.23394054627646918,,
RandomMutation,KAWNLRGSAIHNAIKNEKLYIFATSGALAALKPK,True,False,0.2647058823529412,5,0.4827116535656824,,
RandomMutation,KAWNLRGSARFKAIKKEKLYIFATCGKLAAIKPK,False,False,0.2647058823529412,9,0.22413857569470455,,
RandomMutation,KAWNLRGSAREKAIKNEKLIIFATSGKLAPLKPK,True,True,0.2647058823529412,7,0.3902300837469303,,
RandomMutation,KIWNLRGSAREKAIKNEKLYIFATSNKLAALKPK,True,False,0.2647058823529412,7,0.3559219234812626,,
RandomMutation,KAWNKRGSAREKAIKNEKLYIFVTSWKLAALKPK,True,True,0.2647058823529412,8,0.29269613493252583,,
RandomMutation,KFWNLRGSAREKAIKNCKLYIFATSGKLAALKPK,False,False,0.2647058823529412,8,0.39851446107542265,,
RandomMutation,KAWNLRGSAREKAIKNEKLYIFATSGKPAALKPK,True,False,0.20588235294117646,7,0.13815394052783092,,
RandomMutation,KAWNLRGPAREKLIKNEKLYIFATSGKVAALKPK,True,False,0.2647058823529412,7,0.29508061601257135,,
RandomMutation,KAWNLRGSAREKAIKNEKLYIFATSGKAAALKPK,True,False,0.20588235294117646,7,0.16905815597445525,,
RandomMutation,KAWNLRGLAREKPIKNEKLYINATSGKDAALKLK,True,False,0.23529411764705882,6,0.27211056999841227,,
RandomMutation,KAWNLRGSIREKAIKNEKWYQFATSGQLAALKPK,True,False,0.23529411764705882,6,0.313729010406864,,
RandomMutation,MAWNLRGSAREKAIKNEKLPIFATSGKLAALKPK,True,False,0.23529411764705882,6,0.13040521012804754,,
RandomMutation,KAWNLRGSAREKARKNEKLYSFATSGKLSALKPK,True,False,0.17647058823529413,8,0.4724106899114756,,
RandomMutation,KAWNLRGSARDKAIKNEKLYIFATSGKLAALKTK,True,False,0.23529411764705882,7,0.18212513443520847,,
RandomMutation,KAWNLIGSAREKAIKNEKLIIFATSGKLAALKMK,True,True,0.29411764705882354,6,0.5139907047377019,,
RandomMutation,KAINLRGSAAEKAIKNEKLYIFATSGKLAALKPK,True,False,0.23529411764705882,6,0.4979375634023762,,
RandomMutation,KAWNSRGSAREKQIKNEKLYIFATSGYLAALQPK,True,False,0.20588235294117646,5,0.17845419909201365,,
RandomMutation,KAWNLRRSAAEKAIKNEKLYIFATSGKLAALKPK,True,False,0.23529411764705882,7,0.3714342528074841,,
RandomMutation,KAWNLRGSAREVAIKNEKLYIFATSGKLADLKPK,True,False,0.2647058823529412,5,0.18406842995753311,,
RandomMutation,KAWNLRGSAREKAIKEEKLYSFATSGKLAVLKRK,True,False,0.23529411764705882,7,0.2705581126323567,,
RandomMutation,KAWNLRGSAREKAIKNKVLYIFATSGKLHASIPK,True,False,0.2647058823529412,7,0.4062740833177975,,
RandomMutation,KAWNLRGSAREKAIKNENIYIFATSGKLEALKPK,True,False,0.23529411764705882,5,0.3249582718364392,,
RandomMutation,KAWNLFGSAIEKAIKNEKLYIFATFGKLAALKPK,True,False,0.3235294117647059,5,0.6645254986013213,,
RandomMutation,KAWNRRGSAREKAIKNEKLYIFATSGNLAALKPK,True,False,0.20588235294117646,7,0.34133224667574075,,
RandomMutation,KYWHLRGSAREKAIKNEKLYIFATTGQLARLKPK,True,False,0.23529411764705882,7,0.3098972743763715,,
RandomMutation,KAWNLRGSAREKAIKNEKLYIFMTSGKLAALKPK,True,False,0.23529411764705882,7,0.20816980314036557,,
RandomMutation,KAWNLRGSAREKAIKNEKLYIFATSGWTAALKPK,True,False,0.23529411764705882,6,0.22519060805880436,,
RandomMutation,KAWNLRGSAREKAIKNEKLYIFATMGKLAALKPK,True,False,0.23529411764705882,7,0.2079101208169803,,
RandomMutation,KDWNLRGSWRSKAIKNEKLYIFATSGKLAALKPK,True,False,0.2647058823529412,7,0.2149707724115065,,
RandomMutation,KAWNLRGSSRECAIKNQKLYHFATSGKLAALKPK,False,False,0.20588235294117646,7,0.3005655535895644,,
RandomMutation,KAWNLTGSAREKAIKNEKLYNFATKGLLAALKPK,True,False,0.23529411764705882,6,0.5958966508134644,,
RandomMutation,KAWPLRGSAREKAIKNEKLYIFATSGKLAALKPK,True,False,0.23529411764705882,7,0.15661076735554266,,
RandomMutation,KKWNCRGSAREKAIKNEKLYIFATSGKLAALKPK,False,False,0.20588235294117646,8,0.16474440154869582,,
RandomMutation,KGWNLRGSAREKAIKFEKLYIFATSGKLAALKPK,True,False,0.2647058823529412,7,0.24065389338796295,,
RandomMutation,KAWNLRGYARFKASKNPKLYIFATSGKLAALKPK,True,False,0.23529411764705882,9,0.10698216292021762,,
RandomMutation,KMWNLRGSAREKAIKNEKLEIFATSGKLAALKPK,True,False,0.23529411764705882,6,0.1648220005493713,,
RandomMutation,KANNLRGSAREKEIKEEKLEIFATPGKLAALKPK,True,False,0.20588235294117646,4,0.021682000709434518,,
RandomMutation,KAWNVRRSAREKAIKNEKLYIAATSGTPAALKPK,True,False,0.17647058823529413,7,0.375542065543207,,
RandomMutation,KAWNLRGSAREKAIKNEKLYIFATSGKGAGLKPL,True,False,0.23529411764705882,6,0.3127483273372646,,
RandomMutation,KAWNLRGSAREKAIKDESLYIFATSGKYAASKPK,True,False,0.17647058823529413,5,0.08251950077206988,,
RandomMutation,KAWNLRGSAREKAIKNEKLYIFATMGKLAYLKPK,True,False,0.23529411764705882,7,0.28425297942082384,,
RandomMutation,KAWNLRGSAREKAIKNEKLYIFATSGKLAALNPK,True,False,0.23529411764705882,6,0.2106523510676209,,
RandomMutation,KAWNLRGSAREKAIKNEKLYIFLTSGKLAALHPK,True,True,0.2647058823529412,6,0.20640732121678496,,
RandomMutation,VAWNLRGSAREKEIKNELLYIFATSGKLAALKPK,True,False,0.29411764705882354,4,0.2507759199805006,,
RandomMutation,KAWNLRGSAREKAIKTEKLYIFATSGTLAALKPK,True,False,0.23529411764705882,6,0.3178741131325455,,
RandomMutation,KAWNLLGSAREKAIQLEKLYIFATSGKLCALKPK,False,False,0.29411764705882354,5,0.505206715247728,,
RandomMutation,KAWNLRGSAREKAIKNEKLYIPASSGKWALLKPP,True,False,0.23529411764705882,6,0.3271297558973452,,
RandomMutation,KAWNLRGHAREKAIKNKKLYEFATSGKLAALKPK,True,False,0.20588235294117646,8,0.23891524430770605,,
RandomMutation,KAWNLRISAREHATKNEYLYIFATSGKLAALKPM,True,False,0.23529411764705882,4,0.19212273088635212,,
RandomMutation,WAWNLRGSAREMAIPNEKLYIFATSGKLAALKPK,True,False,0.2647058823529412,4,0.21014442738409467,,
RandomMutation,KAWWLRGSAREKAIKNECLYIFATSGKLAALKPK,False,True,0.2647058823529412,6,0.1886790002459353,,
RandomMutation,KAWNLRASTREKAIKNEKTYIFATSGKLAALKPK,True,False,0.20588235294117646,7,0.3339087889810653,,
RandomMutation,KAWNLRGDARECAIKNTKLYIFATSGKLNALKPK,False,False,0.23529411764705882,6,0.4408277877642451,,
RandomMutation,KAWFLRGSAYEKAIKNEKLDIFATSGKLAALDPK,True,True,0.2647058823529412,3,0.1815445563757604,,
RandomMutation,KAWNLRGWAREKAIKNEKLYIFATSGILAALKPK,True,False,0.29411764705882354,6,0.3996928929341416,,
RandomMutation,KAWELRGSAREKAHKNEKLYIFATRGKMMALKPK,True,False,0.17647058823529413,7,0.3962906814764704,,
RandomMutation,KAWNGGGSAREKAIKGEKLYIFATSGKLAALKPK,True,False,0.20588235294117646,6,0.3673465314148907,,
RandomMutation,KAWNLRGSAREKAIKNEKLYIFATSGSLAALKPK,True,False,0.23529411764705882,6,0.2677273783336041,,
RandomMutation,KAINLRGSAREKAILNEKMYIFATSGKLAEMKPK,True,False,0.20588235294117646,5,0.3473482101184042,,
RandomMutation,KAWNCRGWAREKRIFNEFLYIFATSGKLAALKPK,False,False,0.29411764705882354,6,0.36724485563555076,,
RandomMutation,KAWNLRGSAREKAIKNEKSWIFATSGKLAALKPK,True,True,0.23529411764705882,7,0.3295974134357267,,
RandomMutation,KAWNLRGSAREKAIKNEKLYIFATSGKLAMLKPK,True,False,0.23529411764705882,7,0.20719709169678796,,
RandomMutation,KAWNLCGSAREKAIKNEVLYIFATSGKNAALSPK,False,False,0.23529411764705882,4,0.21174386259966993,,
RandomMutation,KLGNLIGSAREKAIKNAKLYIFATSGKLAAVKPK,True,False,0.2647058823529412,7,0.6834345132415094,,
RandomMutation,KAWNLTGSAREKAIKNEGLYIFRTSGKTAALKPK,True,False,0.20588235294117646,6,0.2695821026275132,,
RandomMutation,KAWNLRGSARNKAIKNEKLYEFATSGTLAALKPK,True,False,0.20588235294117646,6,0.3216982137068324,,
RandomMutation,KARNLMGSAREKAIKNEKLYIFATSWKLAALKPK,True,False,0.23529411764705882,7,0.36927847672160885,,
RandomMutation,WAWNLRGSAREKAIKNEKLYEFATSVKLAALKPK,True,False,0.2647058823529412,5,0.32893685563953534,,
RandomMutation,KAWNLRGSAREKVIKNEKLYIFASSGCLDALKPK,False,False,0.2647058823529412,5,0.5668580785000263,,
RandomMutation,KAWNLRGSMREKAIKNEWLYIFATSGKLAALKPK,True,False,0.2647058823529412,6,0.17946419510092237,,
RandomMutation,WKWNLRGSARMKAIKNEKLYIFATSGKLAALEPK,True,False,0.2647058823529412,6,0.1920267512926389,,
RandomMutation,KAWNLIGFAREKAIKNEKLYIFATSGKLAALMPK,True,False,0.29411764705882354,5,0.4226998291680053,,
RandomMutation,KAWNLRGSAPEKVIKSERLYIFATSGKLAATKPK,True,False,0.23529411764705882,6,0.23952561322157273,,
RandomMutation,KAWNKRGSAREKAIKNEKLYIFATSGNLAALKPK,True,False,0.20588235294117646,7,0.3277640906902694,,
RandomMutation,KAWNLRGSAREKAIKNEAMYIFATSGKLWAPFPK,True,False,0.23529411764705882,5,0.3899240780377349,,
RandomMutation,KAWNLRGSAREKAIKYEKLYHFATRGKLAALKPK,True,False,0.20588235294117646,8,0.3929253313138622,,
RandomMutation,KAMNLRGSAREKAIRNEKLYIFATFGKLAAQKPK,True,False,0.20588235294117646,7,0.2482055437602775,,
RandomMutation,KAFNLRGSAREKAIKNEKLYIEATSGKLFALKYK,True,False,0.23529411764705882,6,0.4081192337856183,,
RandomMutation,KAWNLRGSADEKAIKNEKLYIQATSGKLACKKPK,False,False,0.17647058823529413,6,0.18232451640559025,,
RandomMutation,KAWNLRGSAREKAIKNEKLYIWATSGKLAALKPK,True,False,0.23529411764705882,7,0.3136798502703952,,
RandomMutation,KADNLRGSAREKAIDLEKLYTFATSGKLAALKPK,True,False,0.20588235294117646,4,0.43226789645573077,,
RandomMutation,KAMNLRESAREKAIKNEKLAIFATSGKLHALKPK,True,False,0.20588235294117646,6,0.48170536287785193,,
RandomMutation,KAWNLRGSAREKAIKNEKPYIFATSGKLAALKPK,True,False,0.20588235294117646,7,0.3440629940306384,,
RandomMutation,KAWNLRGSAREKAIKVEKLYIFATSGYFAALKPK,True,False,0.2647058823529412,6,0.40956906271785104,,
RandomMutation,KAWNLPGSARHKAIKNEKLYIFATSGKLAALKPK,True,False,0.23529411764705882,7,0.2870521995663886,,
RandomMutation,SAWNLRGSAIEKAIKTEKLYIFATSGKLAKLKPK,True,False,0.2647058823529412,6,0.4714001544467454,,
RandomMutation,KAWNLRGSARDKAIKNEKLQIFATSGKLPALKPK,True,False,0.23529411764705882,7,0.23721666592465052,,
RandomMutation,KAWNLRGSAREKQIKNEKLYIFATSGKLAMEKPK,True,False,0.20588235294117646,6,0.18455604050629623,,
RandomMutation,KAWNLRGSAREKAIKNEKLYIFYTYGKLAALKPK,True,False,0.23529411764705882,7,0.23744335460037233,,
RandomMutation,YAWNLRGSAREKAIKNEKAYIFATSLKLAALKPK,True,False,0.23529411764705882,6,0.09850129854530319,,
RandomMutation,KAWNLRGSAREKAIKNEKLYIFATSGKLAALMPK,True,False,0.23529411764705882,6,0.2883820802483482,,
RandomMutation,KAWNLRGSAREKLIKNEKLYIFKTSGKLAALKPK,True,False,0.2647058823529412,8,0.3244842257727,,
RandomMutation,KAWNLRCSAREKAIKNEKLRIFATSGKLAALKPK,False,False,0.23529411764705882,8,0.18479701546347732,,
RandomMutation,KAWNLRGSAREKAIKNEKLYIFAFSGKLAALKPK,True,False,0.2647058823529412,7,0.311504245098019,,
RandomMutation,KAWNLRGSAREKAIKNEKNYIFATSGKLAALKPK,True,False,0.20588235294117646,7,0.3958803225629659,,
RandomMutation,KAWNLRGSWREHAIKNEKLYIFAVSGKLAALKKK,True,False,0.29411764705882354,7,0.37307813292311837,,
RandomMutation,KAWNLRGSAREKAIKNTKNYIFATSGKLAALKPK,True,False,0.20588235294117646,8,0.47823142074988695,,
RandomMutation,KAWNLRGSAREKAIKNEKLYIFATSGKLAELKPK,True,False,0.23529411764705882,6,0.31443107488124283,,
RandomMutation,KAWNLRGSAREKAIQNEKLYIFADSGKLAALKPK,True,False,0.23529411764705882,5,0.11452451520976707,,
RandomMutation,LAWNLRGRAREKAIKNEKLYIFAKNGKLAALKPK,True,False,0.2647058823529412,8,0.20018392200875293,,
RandomMutation,KAWNLRGSAREKAITNEKLYIFATSGKLAALKPK,True,False,0.23529411764705882,6,0.11452451520976714,,
RandomMutation,KAWNLRGSAREKAIKNEKLYKFATSGKLAALKPK,True,False,0.20588235294117646,8,0.23520113538950063,,
RandomMutation,KAWNLRGSAREKAIKNEKLYIFATSGKLAMLKPK,True,False,0.23529411764705882,7,0.20719709169678796,,
RandomMutation,KACNLRGEAREKAIKNEKLSIFATSGKLAALKPK,False,False,0.20588235294117646,6,0.3583405559986589,,
RandomMutation,KAWNLRGSQREKAIKNEKLYIFATSGKLAPLKPK,True,False,0.23529411764705882,7,0.28173013877529474,,
RandomMutation,KANNLRTSAQEKAIKNEKLYIFATSGKLAALKPK,True,False,0.20588235294117646,6,0.2038011085142286,,
RandomMutation,KAWNLRGSAREKAIKPEKLYIFATSGKLSALKPK,True,False,0.23529411764705882,7,0.29768656586052,,
RandomMutation,KAWNLRGSAREKAIKNEKLYIFAWSGKLAALKPK,True,False,0.2647058823529412,7,0.20270538619465667,,
RandomMutation,KAWQLRGRAREKAIKNEHLYIFATSGKLAALKPK,True,False,0.23529411764705882,7,0.3045660393543004,,
RandomMutation,KAWNLRGSAREKAAKNEKLYIFATSGKLAALKPK,True,False,0.20588235294117646,7,0.2118969223711073,,
RandomMutation,KAWNLRGSAREKAIKNEKLYIKATSGKLAALKPK,True,False,0.20588235294117646,8,0.40035683155590734,,
RandomMutation,KAWNLRGSAREKAYKNEKLYIFATSGKLAALKPK,True,False,0.20588235294117646,7,0.24910338413645175,,
RandomMutation,KAWNLRGSAAEKAINNEKLYIFATSGKLAALKPK,True,False,0.23529411764705882,5,0.3572884248792384,,
RandomMutation,KAWNLRGAAFEKAIKNHKLYIFATSGKLAALKPK,True,False,0.2647058823529412,7,0.32823546944516174,,
RandomMutation,PAWNLRGSAREKAIKYEKLYIFATSGKLAALKPK,True,False,0.23529411764705882,6,0.20216367225801582,,
RandomMutation,KHWNLRGSRREKAIKNCKLYIFATSGKLAALKPK,False,False,0.23529411764705882,9,0.35309779353158727,,
RandomMutation,KAWNLRSDAREKAIKNEKLYIFAVSGKLAASKIK,True,False,0.2647058823529412,6,0.13513116099882924,,
RandomMutation,KDTNLRGSAREKAIKNEKLRIFATSGKEAAQKPK,True,False,0.14705882352941177,6,0.35930904784196105,,
RandomMutation,KAWNLMGSLDEKAIKNEKLYIFATSGKLEALKPK,True,False,0.2647058823529412,3,0.5845309781446688,,
RandomMutation,KAWNLRGWAREKAIKNEKLYQFATSGKEAVLKPM,True,False,0.23529411764705882,5,0.5803191282353183,,
RandomMutation,KAWNLRGSAREKAIRNEKLYIFATSGKSAALKPK,True,False,0.20588235294117646,7,0.15340807860173952,,
RandomMutation,KAWNLRGSAREKAIKNEKLYRFATSGELAQLKPK,True,False,0.20588235294117646,6,0.1940317590693129,,
RandomMutation,KAWNDRGSATEKAIKNPKLYIFATSGKLAALKPK,True,False,0.20588235294117646,6,0.4854266410849012,,
RandomMutation,KAWNLQGSAREKAIKNEKLYIFATSGKLAALKPK,True,False,0.23529411764705882,6,0.23798903081305559,,
RandomMutation,KAWNLRGSAREKAIKNEKLYIFAFSGKLAALKPK,True,False,0.2647058823529412,7,0.311504245098019,,
RandomMutation,KAWYLRGSAREKAIKNEKMYIEATSGPCAALKPK,False,False,0.14705882352941177,5,0.38091349481900116,,
RandomMutation,KAWNLRYSATEKAIKNEKLYIFATSGKLAALKHK,True,False,0.23529411764705882,6,0.34814387374634936,,
RandomMutation,KAWNLRPSAREKAIKNEKLYIFAESGKLAALKPK,True,False,0.23529411764705882,6,0.13823924958264297,,
RandomMutation,KGWNLRGSAREKAIRNEKLYIFATSGKLAALKPK,True,False,0.23529411764705882,7,0.180277087694896,,
RandomMutation,KAWNLRGSAREFAIKNEKLMIFCTSGKLAALKPK,False,False,0.2647058823529412,6,0.31273440125943064,,
RandomMutation,KAWNLVGSAAEKAQKNEKLYIFATSDSLAALKPK,True,False,0.23529411764705882,3,0.7161926627484868,,
RandomMutation,KAWNLCGSARPKAIKNEKLMIFATSGKLAALKPK,False,False,0.23529411764705882,7,0.4446975847889743,,
RandomMutation,KAWNLKGSARCKAIKNEKLYIFATSGKLAALKPK,False,False,0.23529411764705882,8,0.14127713552604912,,
RandomMutation,KAWNLRGSAREKAIKNEHLYIFATSGKTRALKEK,True,False,0.20588235294117646,6,0.35153061135878483,,
RandomMutation,KAWNLRGSAREKAIKNEKYYIFATSGKEAALVPK,True,False,0.20588235294117646,5,0.27449757441264266,,
RandomMutation,HAINLRGSAREKAIKNEKLYIFATSCKLAALKPK,False,False,0.23529411764705882,6,0.21196404169070557,,
RandomMutation,KAWNLRGSAREKAFKNMKLYEFATSGKLAALKPK,True,False,0.20588235294117646,7,0.30853483581971264,,
RandomMutation,KAWNLRGSAREKAIKNEKLYIFATSGKLAALRPK,True,False,0.23529411764705882,7,0.20670618476532818,,
RandomMutation,KAWNLRGSQREKAIVNEKLYIFATSGKLAALKPK,True,False,0.2647058823529412,6,0.16852027416722742,,
RandomMutation,KAWNLRGSAREKAIKNEKLYYFETSCKAAELKPK,False,False,0.17647058823529413,5,0.12368531922348139,,
RandomMutation,KAWNLRGSAREKAIKNEKEYGFATSAKLAALKPK,True,False,0.17647058823529413,6,0.24055314573343078,,
RandomMutation,KAWNLQKSAREKAIKNEKLYIFATSVKYAPLKPK,True,False,0.23529411764705882,7,0.17485683194874016,,
RandomMutation,KAWNLRGSAREKAIKNEKLYIFATSMKLAALKPK,True,False,0.23529411764705882,7,0.1477224259599539,,
RandomMutation,KAWNLRGSARDKAINNEKLYIFATSGKLAALKEK,True,False,0.23529411764705882,5,0.25269141273413537,,
RandomMutation,KAWNLRFSAIEKAIKNIKLYIFPTSGKLAALKHK,True,False,0.3235294117647059,7,0.8084139077917554,,
RandomMutation,KAWNLRGSADETAIKNEKLYIFATSGKLAALKPK,True,False,0.23529411764705882,4,0.1961366220784086,,
RandomMutation,KAWNTRGSASEKAIKNEKLYNFATSGKLYALKPK,True,False,0.17647058823529413,6,0.275444267606266,,
RandomMutation,KAWPLRGSAREKAIKNEKLSIFATSGKLAALKDK,True,False,0.23529411764705882,6,0.223194210273947,,
RandomMutation,KACNDRGSAREKAIKNEKLYIFALSGKLAALKQK,False,False,0.20588235294117646,6,0.5656515323776145,,
RandomMutation,KARNLRGSACEKNIKNEKLYIFATSGKLAAVKPK,False,False,0.20588235294117646,7,0.19695195310068417,,
RandomMutation,KAWNLVNSARECAIKSEKLYIFATSGKLAALKPK,False,False,0.2647058823529412,5,0.5225549881904312,,
RandomMutation,KAWNLRGSARPKAIKNEKLYIFALQGKLAALKPV,True,False,0.29411764705882354,7,0.4521398278486296,,
RandomMutation,KAWMNRWSAREKAIKNEKLYIFATSGKLAALKPK,True,False,0.23529411764705882,7,0.2651511681303422,,
RandomMutation,KAWNLYGSAPEKAIKNEKKYIFATSGKLAALKPK,True,False,0.20588235294117646,6,0.575519891678668,,
RandomMutation,KAWNLLGSAREKAIKNEKLYIFATMFKLAALKPK,True,False,0.29411764705882354,6,0.35275512018853766,,
RandomMutation,KAWNLRGSAREKAIKNEKLYIFATSGKVAALKPD,True,False,0.23529411764705882,5,0.21977233450275555,,
RandomMutation,KPWNLRGSAREKANKNEKLGIFATSGKLAALKPK,True,False,0.20588235294117646,7,0.22004796283260847,,
RandomMutation,KAWNMRVSGREKKIKNEKLYIFATSGKLAALKPK,True,False,0.23529411764705882,8,0.2963368719554504,,
RandomMutation,KAWNLRGSARSKAIKNEKLYIGATFGKLAALKPC,False,False,0.23529411764705882,7,0.2593891277267511,,
RandomMutation,KAWNLRGSAREKAIKNEKLYIFATSGPLAALKPK,True,False,0.23529411764705882,6,0.25063238608423044,,
RandomMutation,KAWNLRGSAREKAIKNEKLYIFATSGKLIALKPK,True,False,0.2647058823529412,7,0.15459176064355146,,
RandomMutation,KAWNLRGSAREKAIKLEKQYIFAYSGKLSAHKPK,True,False,0.20588235294117646,7,0.2640822402319281,,
RandomMutation,KAWTLRGSLRIKAIKNEKLYIFAWSGKLAALKPR,True,False,0.3235294117647059,8,0.14338790642209787,,
RandomMutation,KAWNLRGSAREKAIKNEKLYIFATSGKLAALKPE,True,False,0.23529411764705882,5,0.21124006886736446,,
RandomMutation,KAWNLGGSAREKAIKNESLYIFATSGKLAALKFK,True,False,0.2647058823529412,5,0.17078353469440635,,
RandomMutation,KRWQLIGSAREKAIKNEKLYIFATSGKLPALKPK,True,False,0.2647058823529412,7,0.41087362228559693,,
RandomMutation,KNWNLRNSAREKAIKNEKLYIFAKDGKLAALKPK,True,False,0.23529411764705882,7,0.07717632029981325,,
RandomMutation,KAWNLRGSDREKAIKNEKTYIFATSGKLAALKPK,True,False,0.20588235294117646,6,0.316090458788003,,
RandomMutation,DAWNLRGSAREKAIKNEKLYIFATSGKLAASKPK,True,False,0.20588235294117646,5,0.07968909951978154,,
RandomMutation,KAWNLRGSAREKAIKNIKLYIFATSGKLAALKPK,True,False,0.2647058823529412,8,0.43614011541211034,,
RandomMutation,KAWNLRGLAREKAIKNEKLYIFATSGKLAALKPR,True,False,0.2647058823529412,7,0.08547737985053087,,
RandomMutation,KAWILRGSAREKAIKNEKLEIFATSGKLAALKPK,True,True,0.2647058823529412,6,0.13223499138323724,,
RandomMutation,KVWNLRGTAREKAIKFEKLYIFATSGKLAELKPK,True,False,0.29411764705882354,6,0.3830162333578759,,
RandomMutation,KAWNLRGSAREKAIKNEKLYIFKTSGGAAALKPK,True,False,0.20588235294117646,7,0.2462308067015155,,
RandomMutation,KAWNLRGSAREKAIKNEKLYIFATSGKLAALKPP,True,False,0.23529411764705882,6,0.23172358197875956,,
RandomMutation,KAWNLRGSAREKAIKNEKLYIFATSGKLAALKPW,True,False,0.2647058823529412,6,0.24210134975555894,,
RandomMutation,KQWNLRGSAREKAIKNAKLYIFATNGKLAACKWK,False,False,0.23529411764705882,8,0.20997402397047032,,
RandomMutation,KAWNPRGSAREKAIKEEKLYIGATSGKLAALKPK,True,False,0.17647058823529413,6,0.34562286674993664,,
RandomMutation,KAWNLRGSAREKAIKNEKLYIFWTSGKLAALKPK,True,True,0.2647058823529412,7,0.23394054627646918,,
RandomMutation,KAWNLRGSERESAIKNEKLYIFATSGKLAAGKPK,True,False,0.20588235294117646,5,0.09799921091278428,,
RandomMutation,KALNLRGSAREKCIKNEKLYMFATSGKLAALKPK,False,False,0.20588235294117646,7,0.26198964531695806,,
RandomMutation,KAHMLRGSAREKAIKNEKPYIFATSWKLAAKKPK,True,False,0.17647058823529413,8,0.18249303929856592,,
RandomMutation,KAWNLRGNAREKAIKNEKLYIFATSGKQQALKPK,True,False,0.20588235294117646,7,0.3217296875703142,,
RandomMutation,KAWNLRGSARETAIKNEKLYIFATSGKLAALPPL,True,False,0.2647058823529412,4,0.3230316692237301,,
RandomMutation,KAWNLRGSAREKAIKNEKLYIFATSGKDAALKPK,True,False,0.20588235294117646,6,0.14997343163516436,,
RandomMutation,KAWNLRDSAREWAIKNEKNYMFATSGKLAALKPK,True,False,0.20588235294117646,5,0.3223022135808588,,
RandomMutation,KAWNLRGSARSKAIKNEKLYIFSTSGKLRALKPK,True,False,0.23529411764705882,9,0.30291263460076906,,
RandomMutation,KAWNLRGSAREKAIKNEKLYIFRTSGKLAALKPK,True,False,0.23529411764705882,8,0.2988440672115749,,
RandomMutation,KAWDLRGSAREKAIKNEKLYIFATSPKLAALKGK,True,False,0.23529411764705882,6,0.20649802693160207,,
RandomMutation,KAWNLRGSASEKAIKNEKLYIFATSGKLAALKPK,True,False,0.23529411764705882,6,0.2989440810083319,,
RandomMutation,KAWNLRGSEREKAIKNEKLYIFATSGKLAALKPK,True,False,0.23529411764705882,6,0.18400712751287315,,
RandomMutation,KAWNLRGSAREKAIKNEKLYIFANYGKLAALKPK,True,False,0.23529411764705882,7,0.13023677431490205,,
RandomMutation,KAWNLRGSASEKAIKNEKLYIFATSGKLAALKPK,True,False,0.23529411764705882,6,0.2989440810083319,,
RandomMutation,KAWNYRGSVREKAIKNEKLYIFARSGKLAALKPK,True,False,0.23529411764705882,8,0.17774565519305083,,
RandomMutation,KAWNLRGAAREKAIKNEILYIFATSNKLAALKPK,True,False,0.2647058823529412,6,0.23538103086528536,,
RandomMutation,KAWNLRGSAREKAIKNEKLYIFATWGKLAALVPK,True,False,0.29411764705882354,6,0.3375524344144298,,
RandomMutation,KAWNLRGSAREKAIKNLKLYIFATSGKLAALKPK,True,False,0.2647058823529412,8,0.41588537333595554,,
RandomMutation,KAWNSRGFAREKAMKNEKLYIFATSGKLAALHPK,True,False,0.20588235294117646,6,0.1281595036684489,,
RandomMutation,KAWNLRGSAREKAIKNEKLYPFATSGKLEALKPK,True,False,0.20588235294117646,6,0.35331627431280505,,
RandomMutation,KAWNLRGSAREKAIKNEKMYIFATSGKLAALKPK,True,False,0.20588235294117646,7,0.2531778721706643,,
RandomMutation,KAWNLRGSAREPAIKNEKLYIFATSGKLAALKIK,True,False,0.2647058823529412,6,0.0641082279718048,,
RandomMutation,KAWNLRGSAREKGIKNEKLYIFATSGKLAALKPK,True,False,0.23529411764705882,7,0.1486635591510436,,
RandomMutation,KAWNLRGSAREKAIKNEKLYIFAWSGKLAALAPK,True,False,0.2647058823529412,6,0.2814718225544733,,
RandomMutation,KAWNMRGSEREKAIKNEKLYIFARSTKLAALKPR,True,False,0.20588235294117646,7,0.20783525239435977,,
RandomMutation,KAWNFRGSAREKAIKNEKLYDFATSGKLSALKPP,True,False,0.20588235294117646,5,0.3394575649297255,,
RandomMutation,KAWNLRGSAREFAIKNEKLYIFATSGKVAALKPK,True,False,0.2647058823529412,6,0.20624031245119184,,
RandomMutation,KAWNLRGVAREKAIKNEKLYIFATSGKLAALKPK,True,False,0.2647058823529412,7,0.08968010598017302,,
RandomMutation,KAWNLRGSARNKAIKNEKLGIFATSGKLAALKPK,True,False,0.23529411764705882,8,0.22988529628892954,,
RandomMutation,KAWNLRGSAREKAIKNEKDYIFVTSGKLAALKPK,True,True,0.23529411764705882,6,0.36621863843614416,,
RandomMutation,KAWNLRGSAREKWIKNEFLVIFATSGKLAALKPK,True,True,0.3235294117647059,6,0.18221271404421116,,
RandomMutation,KAWNLRGSAREKAIKNEKLYIFATSGKLAALKGK,True,False,0.23529411764705882,7,0.17330560709336254,,
RandomMutation,KAANLCGSAGEKAIKNIKLYIYATSGKLAALKPK,False,False,0.20588235294117646,6,0.8991368977513133,,
RandomMutation,KAWNLRGSAREKAIKNEKMYIFATSMALAAIWPK,True,False,0.23529411764705882,5,0.3116753245332139,,
RandomMutation,KAWNCRGSARSKAIKNEKLYIFATSGTLAILKPK,False,False,0.23529411764705882,7,0.17498342728951488,,
RandomMutation,KAWNLRGSAMEKAIKNEKLYPFATSFKLAALKPK,True,False,0.23529411764705882,6,0.18880115060780442,,
RandomMutation,KAWNLRNSAREKAIKSEKLYIFATSGKLAALKWK,True,False,0.2647058823529412,7,0.27816844869704854,,
RandomMutation,KAWNLRGSAREKAIKNESLYIFATSGKLAALKPK,True,False,0.23529411764705882,6,0.1787858401091785,,
RandomMutation,KAWLLRGSAEEKAIKNEKLYIFATSGKLAALKPK,True,True,0.2647058823529412,5,0.09178780032141463,,
RandomMutation,KAWNLRGSARTKAIKNEKLYHFATSGILAALKPK,True,False,0.23529411764705882,7,0.3945364656098173,,
RandomMutation,KEWNLRGSAREKAIKNEKLSIFATSVKLAILKPK,True,False,0.29411764705882354,6,0.0727840206337048,,
RandomMutation,KAWLLRGSAREKAIKNEKLYIFDTSGKLAALKPK,True,True,0.2647058823529412,6,0.2241647668851029,,
RandomMutation,EAWNLRGSAREKAIKNPKLYIFATSGKFAAMKPK,True,False,0.20588235294117646,6,0.17709007705998542,,
RandomMutation,KAWNLRGSAREKPIKNEKDYIFACSCKLAALKPK,False,False,0.20588235294117646,6,0.32373028368827983,,
RandomMutation,KAWNLRGSFREKAIKNEELYIFATSPKLAALKSK,True,False,0.2647058823529412,5,0.2271382798466662,,
RandomMutation,KAWNLRGSAREKVIKNEKLYIFAFSVKLAALKPK,True,False,0.3235294117647059,7,0.26185544536496536,,
RandomMutation,KACNLRGSAREKAIKNEKLYIFATSGKLAALKPK,False,False,0.20588235294117646,7,0.27098528908822317,,
RandomMutation,KAWNLRGSAREKAIKNEKLYITATSGKLAALKPS,True,False,0.20588235294117646,6,0.3465330803454026,,
RandomMutation,KAWNLRGSAREKAIKNEKLYNFATSGKLAALKFK,True,False,0.23529411764705882,7,0.21264300657303387,,
RandomMutation,KAWNLRGSAREKAIKNEKLYIVATSMKLAALKPK,True,False,0.23529411764705882,7,0.10722826998411657,,
RandomMutation,KPWNLRGSAREKAIKNEKLSIEATSGYLAALYPK,True,False,0.20588235294117646,4,0.36884325333867096,,
RandomMutation,KTWNLRGSAREKAICNYKLYIFATSGKLAALKPK,False,False,0.23529411764705882,7,0.06866332750501648,,
RandomMutation,KAYNLRGHAIEKAIKNEKLYIFATSGKLAAGKPQ,True,False,0.20588235294117646,5,0.414498327460706,,
RandomMutation,KAWNLRGSAREKAIKNEKLYIFATSGKLNALKPK,True,False,0.23529411764705882,7,0.34449781403208235,,
RandomMutation,KAWFLRGSAQEKARKNEKLYIFATSGKLAALKTK,True,True,0.23529411764705882,7,0.1844081002232584,,
RandomMutation,KAWNLRGSAREKAWKNEKLYGFATSGKLAWLKPQ,True,False,0.23529411764705882,6,0.27441874963253854,,
RandomMutation,KAWNLRGSAREKAIKKEKLYIFLTSGKLAAHKPK,True,True,0.23529411764705882,8,0.01892897872158854,,
RandomMutation,KAWNLRGSAREKATKNEKLMTFWTSGKLAALKPK,True,False,0.20588235294117646,7,0.33152612088877564,,
RandomMutation,KAWNLRGSAREKAIKNEKEYIFGTPGKLAALKPK,True,False,0.20588235294117646,6,0.42519313624439053,,
RandomMutation,KALNLNGSAREKAIKNEKLYIFATSGKLLALKPK,True,False,0.2647058823529412,6,0.30297479647972336,,
RandomMutation,KAWNLRYSAREKAHKNEFLYIFATSGKLAALKPK,True,False,0.23529411764705882,6,0.1126262515012154,,
RandomMutation,KAWNLRGSAREKAIKCEKLYIFATSGKLAALKPI,False,False,0.2647058823529412,6,0.5079558760140561,,
RandomMutation,KAWELRGSAREKAIKNEKLYIFATSGNLAALKPK,True,False,0.23529411764705882,5,0.21496182998119495,,
RandomMutation,WAWNLRFSARRKAIKNEKLYIFATSGKLAATKPK,True,False,0.2647058823529412,8,0.061353095491848225,,
RandomMutation,KAWNLRGSAREKAIKNEKCYIFATSGKLAALKPK,False,False,0.20588235294117646,7,0.2385830396870923,,
RandomMutation,KAWNLRGSAREKAIWNEKLYIFATSGKLAALKPK,True,False,0.2647058823529412,6,0.12040075907363601,,
RandomMutation,KAWNLRGSARERAIKNEKLYIFATSGKLAALKPK,True,False,0.23529411764705882,7,0.21756748722276384,,
RandomMutation,KAPNLRGSAREKAIKNEKLYIFATSGKLAALGPK,True,False,0.20588235294117646,6,0.22981157202622496,,
RandomMutation,KAANLRNSAREKAIKNEKLWIFATSGKLAALKPK,True,True,0.23529411764705882,7,0.2751679715390758,,
RandomMutation,KAWNLRGSVREKAIKNEKLYIFATSGKLAWLKPT,True,False,0.29411764705882354,6,0.31318982392686756,,
RandomMutation,KAWNLRGMARSKAIKNHHLYIFATSGKLAALKPK,True,False,0.23529411764705882,8,0.08124218175300983,,
RandomMutation,KAWNLRGSAREKAIKNEKLYIMATSGKLAALKPK,True,False,0.20588235294117646,7,0.23383537700326587,,
RandomMutation,KAWNLPHSAREKHIKNEKLYIFATSRKLAALKMK,True,False,0.23529411764705882,7,0.1803680746855425,,
RandomMutation,KAWNLRGSAREKAIKAEKLYIFATSGKLAANKPK,True,False,0.20588235294117646,7,0.09188448431672826,,
RandomMutation,KAWNLRGSAREKAIKNEKLYIMATIGKLLALKPK,True,False,0.2647058823529412,7,0.2393874765607329,,
RandomMutation,LAWELRGSARQKAIKNEKLYIFAISGKLAMLKPK,True,False,0.29411764705882354,6,0.2415278514289432,,
RandomMutation,KAWNLRGSTSEKAIINEKPEIFATSGKLAALKPK,True,False,0.23529411764705882,4,0.2835266600799281,,
RandomMutation,KAWNLVGSAREKAKKNEKLYIFAQSGKLVAWKPK,True,False,0.2647058823529412,7,0.22003547819934732,,
RandomMutation,KAWNYRGCAREKAIKNEKLYIFATSGKLAALKHK,False,False,0.20588235294117646,7,0.21949496224336218,,
RandomMutation,KAWNLRGSAGEKAYKNEKLYVFATSGKLFALDPK,True,False,0.23529411764705882,4,0.25695416839719,,
RandomMutation,KAWWLRGSAREKAIKNEKLYIFATSGKLDYLKRK,True,True,0.2647058823529412,7,0.38695367673028,,
RandomMutation,HAWNCRGSAREKAIKNEKLAIFATSLKLAALKPK,False,False,0.23529411764705882,6,0.1736206742661339,,
RandomMutation,KAWDLRGSAREKAIKNEKRYIFETSGKLAACKPK,False,False,0.17647058823529413,6,0.5007302713092112,,
RandomMutation,KAWNLRGSRREKAIKNEKLYIFAPSGKLAALKPK,True,False,0.23529411764705882,8,0.17903688150980257,,
RandomMutation,KAWNLWGGPREKAIKNEKLYIFATPGKLAALKPK,True,False,0.2647058823529412,6,0.26304441841580184,,
RandomMutation,AAWNLRGSKREKAIKNEKLRIFATSVKWAALKPK,True,False,0.2647058823529412,8,0.3117771674997813,,
RandomMutation,KAWNLRGSAKEKFIINEKLYIFATSGKLAPLKPK,True,True,0.29411764705882354,6,0.09788015661338188,,
RandomMutation,KAWNLRGSAREKAIKNEKLYIFATSGALAALKPK,True,False,0.23529411764705882,6,0.32882277207794147,,
RandomMutation,KAWNLRCSAREKADKNEKLYIFATSGKLAALKPK,False,False,0.20588235294117646,6,0.2163174691349808,,
RandomMutation,KAPILRGSAREKACKNEKLYIFATSGKLKALKPK,False,False,0.20588235294117646,8,0.14435174867315728,,
RandomMutation,KAWNLRGSAREKAIYNEKLYIFATSGKLAALKLK,True,False,0.2647058823529412,6,0.027306289080703507,,
RandomMutation,KAWNLRGSAREKAIKNEKLFKFATSGKLAALKPI,True,False,0.2647058823529412,7,0.5833133496008694,,
RandomMutation,KAWWLRGSARERAIKNEKLKIFATSGKLAALCPK,False,True,0.2647058823529412,7,0.29586306797201267,,
RandomMutation,KAWNLRGSAREKAIKNEKLYRFATVGFLAALKPK,True,False,0.2647058823529412,7,0.3001155254046772,,
RandomMutation,KAWNLRGSAREKAIMNEKLYIFATGGKLAAIKPK,True,False,0.23529411764705882,6,0.055238454845104666,,
RandomMutation,KAWNLRGSAREKAIKNEKLYIFATSGRLADLKPK,True,False,0.23529411764705882,6,0.3131867424361309,,
RandomMutation,KAWNLRGSAREKAIKNIKLYIDATIGKLPALKPF,True,False,0.29411764705882354,6,0.6937677391380015,,
RandomMutation,KAWNLRGSAREKDIKNEKLYIFATSGKLAALKPK,True,False,0.23529411764705882,6,0.07841569790868971,,
RandomMutation,KAWNHRGSAREKATKNEKLYIFATCGKLAALKPK,False,False,0.17647058823529413,7,0.2461963920242507,,
RandomMutation,HAWNLRGSAREKAIKNEKLYIMATSGKLAALKPK,True,False,0.20588235294117646,6,0.21936779553034816,,
RandomMutation,KAWNLRGTAREKAIKHEKLYIFATSGKLAALKPK,True,False,0.23529411764705882,7,0.2078308316369277,,
RandomMutation,KAWNLRGSAREKAIKWEKLYMFMTRGKLAALKPK,True,False,0.23529411764705882,8,0.3268128182062597,,
RandomMutation,KAWNLRTSAREKAIKNEKLYIFAVSGKLAALSPK,True,False,0.2647058823529412,6,0.37767444084715257,,
RandomMutation,KAYNLRGSAREKAPKNEKLYRFATSGKLAALKPK,True,False,0.14705882352941177,8,0.42327926257704196,,
RandomMutation,KAWNLRGSAAEKAIKNWKLYIFATSGKLAALKPK,True,False,0.2647058823529412,7,0.4448912995150529,,
RandomMutation,KAWNLRGSAHEKAIKTEKLYIKATYGMLAALKPK,True,False,0.20588235294117646,6,0.6006059215332391,,
RandomMutation,KAWNLRGSWREKAIKNEKLYILHTSGKLAHLTPK,True,False,0.2647058823529412,6,0.5079232672157075,,
RandomMutation,KADALRGSAREWAIKNEKLYIFATSGKLAALKPK,True,False,0.23529411764705882,5,0.09683039281501303,,
RandomMutation,HAWNFRGSKREKAIKNEKLYIFATSGKLAALKSK,True,False,0.23529411764705882,7,0.1799762654019801,,
RandomMutation,WAWTLRGSAREKAIKNEKLYIFATSGKLAALAPK,True,False,0.2647058823529412,5,0.16061565408892509,,
RandomMutation,KVWNLRGSAREKAIKNEWAYIFATSGALAALKRK,True,False,0.2647058823529412,6,0.4402958705977201,,
RandomMutation,KAWNLRESAREKAIKNEKLYIFATSGKLAALKPF,True,False,0.2647058823529412,5,0.3879410193862273,,
RandomMutation,KAWNLRGSAREKVIKNPKLYIFATSGKLAALKPK,True,False,0.2647058823529412,8,0.32752512041512577,,
RandomMutation,KAWNLRGSAREKAIKNEKLYIFAPSDKLAYLKPK,True,False,0.23529411764705882,6,0.33037372340311194,,
RandomMutation,KAWNLCGSAREKAIMNEKLYIFATSGKLAALKPK,False,False,0.23529411764705882,5,0.24386993292746215,,
RandomMutation,KAWNLRGSAREKAIKNEKLYIFATSQKLAALKPK,True,False,0.23529411764705882,7,0.29532706076393783,,
RandomMutation,GAWNLTGSAREKAIKNEKLYIFATSGKNAACKPK,False,False,0.17647058823529413,5,0.20068965325652507,,
RandomMutation,KADNLRVSAREKAYKNEKLYIFATSGKLAAKKPK,True,False,0.17647058823529413,7,0.09991071206903078,,
RandomMutation,KAGNLRGSAREKAYKNEKLYAFATSGKLAALKPK,True,False,0.14705882352941177,7,0.2721974709540092,,
RandomMutation,KAWNLRGSAREKAIKNEKLGIFATSDKLAALKPK,True,False,0.23529411764705882,6,0.31459625395332774,,
RandomMutation,KAWNLRGSEREKAIKYEKLYIQATWGKLAALKNK,True,False,0.23529411764705882,6,0.3723247583674318,,
RandomMutation,KAWNLRRSAREKAIKNEKLYIFATSGKLAALKPK,True,False,0.23529411764705882,8,0.2608696336825762,,
RandomMutation,KAWNNRGSAREKAIKNEKLYIFATSNKLAALKPK,True,False,0.20588235294117646,7,0.4076501469029703,,
RandomMutation,KAWNLRGSAREKAIKNESLYIFATSGKLAALKPK,True,False,0.23529411764705882,6,0.1787858401091785,,
RandomMutation,KAWNLRGSAREYAIPNEKLYIFATDGKLAALKPK,True,False,0.23529411764705882,4,0.18970775834847944,,
RandomMutation,KAWNDRGSAREKAIKNEFIYIFATNGKLAALKPK,True,False,0.23529411764705882,5,0.3201752063852295,,
RandomMutation,MAWNLRDSAREKAIKNEKLYIFATSGKLPALKPK,True,False,0.23529411764705882,5,0.31842402145808546,,
RandomMutation,KAWNLGFSAREKAIKNEKLYIFATSGKSAALKPK,True,False,0.23529411764705882,6,0.2091210191610408,,
RandomMutation,KAWNLMASAREKAIKNEKLYIFATAGKLAALKRK,True,False,0.23529411764705882,7,0.47666107367271177,,
RandomMutation,KAWNLWGSAREKAIKYEKLYIFATSGQLAALKPK,True,False,0.2647058823529412,5,0.3408614400487668,,
RandomMutation,KAWNLRGSADFKAIKNETLYIFATSGKLAALKPK,True,False,0.2647058823529412,5,0.2182564187222701,,
RandomMutation,KAWNLRGSAREKAIKNEKLYIFATSGMKAALKPK,True,False,0.20588235294117646,7,0.3219840953230431,,
RandomMutation,KAWNPRGSAREKAIKNKKLYIFATSGKLAFLHPK,True,False,0.23529411764705882,8,0.2566641935168063,,
RandomMutation,KAWNLRGSAREKAIKNEKLAIFATSNKLAALKPK,True,False,0.23529411764705882,7,0.36551245256646153,,
RandomMutation,KAWNLRGSAREKTIKNEKLMIFATMGKFNALKPK,True,False,0.23529411764705882,7,0.3057041861064428,,
RandomMutation,KAWNLRGSAREQAIKNEKLYMFATSGKLAALYPK,True,False,0.20588235294117646,5,0.17779568161888887,,
RandomMutation,KAWNLRGSAREKAIKNEQLYQFATSGKLAALKPK,True,False,0.20588235294117646,6,0.21632620971031577,,
RandomMutation,KAWNLRGYAREWYIKNEKLYIFATSGKLAALKPK,True,False,0.2647058823529412,6,0.1031436210686061,,
RandomMutation,KAWNLRGSAREKAIKNEKLYIFATSGKLAILKPK,True,False,0.2647058823529412,7,0.1843676711066228,,
RandomMutation,KAWNLRGSMREKAIKKEKDYIFATSGTLAALKPK,True,False,0.20588235294117646,6,0.423774203278418,,
RandomMutation,KAWNSRGSAREKAIKNEKLYIFATSGKQAALKPK,True,False,0.17647058823529413,7,0.06829073254745334,,
RandomMutation,KANNLEGSAREKAIKNEKLYIFATSWKLAAYKRK,True,False,0.20588235294117646,6,0.1585870855801582,,
RandomMutation,KAYNLRGSAREKAIKNEKLYIFHTSGKLAALKPK,True,False,0.20588235294117646,7,0.26225360264014874,,
RandomMutation,KAWNLRLSAREKAIVNEKLYIRATSGKLAALKPK,True,False,0.2647058823529412,7,0.15657164742451196,,
RandomMutation,KAWNLRGSAREKAISNEKLYIFCPSGKLAYLKFK,False,False,0.2647058823529412,6,0.05344823925419615,,
RandomMutation,KAWNLRMFAREKAIKNEKLYIFMTSGDLAALKPK,True,False,0.2647058823529412,5,0.10334068730484448,,
RandomMutation,KAWNLRGSAREKAIKNEKLYIFTTSGKLAILKPT,True,False,0.2647058823529412,6,0.21928178507065268,,
RandomMutation,KAWNLRGSAREKAIKNEKLYIFATSGKLSALKPK,True,False,0.23529411764705882,7,0.2726014614544295,,
RandomMutation,KNENMRGSAREKAIKNEKLYIFATSGKLAALKPK,True,False,0.17647058823529413,6,0.10328379522324785,,
RandomMutation,KAWNLRGSARKKAIKNEKLYIFATSGKLAALKPK,True,False,0.23529411764705882,9,0.2179123102844296,,
RandomMutation,KAWNLRGSARNGAIQNEKLYIFATSGKSAALKPK,True,False,0.20588235294117646,6,0.18618165265274667,,
RandomMutation,HAWNLRGSAREKSIKNEKLYIFATSAKQAALKPK,True,False,0.20588235294117646,6,0.18486567379680108,,
RandomMutation,KAWNLRWSAREKAIKNEDLYIFATSGKLAALKPK,True,False,0.2647058823529412,5,0.2054149376903273,,
RandomMutation,KAWNLRGSAREKSIKNEKLYIFAMSGKLAALKPK,True,False,0.23529411764705882,7,0.21414183228166186,,
RandomMutation,KAWNLRGSAREKAIKNTKLYIFATSGKLAALKPK,True,False,0.23529411764705882,8,0.2868125233251644,,
RandomMutation,KAWNLRGNAREMAIKNEKLYQFSTSYKLAALKPK,True,False,0.20588235294117646,6,0.272387474312049,,
RandomMutation,KAWNLFGGAREKAIKLEKLYEFAFSGKLAALKPK,True,False,0.29411764705882354,5,0.6076833100986903,,
RandomMutation,KAWNLRGSYREWAIKNEKLYIFATRGKLAALKPK,True,False,0.2647058823529412,7,0.17623198759837747,,
RandomMutation,KAWNLRGSHREKAIKNEKLYIFATSGKLAALMPK,True,False,0.23529411764705882,6,0.3334639455735679,,
RandomMutation,KAWNLRGSAREKAIKNEKLYIFCTSGKLDALFPK,False,False,0.2647058823529412,5,0.365009344113502,,
RandomMutation,KAWNLRGSAREKAIKNEKLYIFATWGKLAALKTK,True,False,0.2647058823529412,7,0.1827434336624871,,
RandomMutation,KKWNLRGSARDKAIKNEKLYIFATSGKLTALRPK,True,False,0.23529411764705882,8,0.13859963175439546,,
RandomMutation,KAKNLRGSAREKAIWNEKGYIFATSGKLAALKPK,True,False,0.20588235294117646,7,0.17080951591546145,,
RandomMutation,KAWNLRGKAREKAIKNEKLYIFAWSGKLAALWEK,True,False,0.29411764705882354,6,0.3767759806476197,,
RandomMutation,KAWNLRGSAREKAIKNEKLYIFATSGKLWALKPK,True,False,0.2647058823529412,7,0.27519061111092935,,
RandomMutation,KAWNLRGSAREKAIKLEKLYIFATSGKEAALKPK,True,False,0.23529411764705882,6,0.36400583201860515,,
RandomMutation,KAWNLRGSAREKAIKNEKLYIFATSGKLLALKPK,True,False,0.2647058823529412,7,0.16664770845314825,,
RandomMutation,KAWNLSGIAREKAYKNEKLYIFATSGKLAALKPK,True,False,0.23529411764705882,6,0.2670644462184636,,
RandomMutation,KAWNLRGSIREKACKNEKLYIFATSGKGAALKPK,False,False,0.20588235294117646,7,0.25548241610385936,,
RandomMutation,KAWNLRGSARNKAIKNETMYIFWTSGKLAALKPK,True,True,0.23529411764705882,7,0.2894071470000241,,
RandomMutation,KAWNLRGSRREKAIKNEKLYIFATSGKLAALKPK,True,False,0.23529411764705882,8,0.1936176906550441,,
RandomMutation,KAWNLRGSAREKAIKNEFLYIFATSGKLAALKPK,True,False,0.2647058823529412,6,0.19855456193187215,,
RandomMutation,KAWNLRGSAREKAIKFEKLYKFATSGKLAALKPK,True,False,0.23529411764705882,8,0.41852289029455636,,
RandomMutation,KAWNDRGSAREKAIKNERLYIFATRGKLAALFPK,True,False,0.23529411764705882,6,0.41451692242628263,,
RandomMutation,DAWNLRGSAREKAIKNEKLYIFARSGKLAALNKK,True,False,0.23529411764705882,6,0.15743569151942025,,
RandomMutation,KAWNLRGSAREKAIKNEKLYIFETSIKHAALLPK,True,False,0.2647058823529412,5,0.19043856640160817,,
RandomMutation,KAWNLRGSYREKAIKNEKNYIFATSGKLAALNPK,True,False,0.20588235294117646,6,0.3979398289156226,,
RandomMutation,KAENLRGSAREKAIKNEKLYIFATSGKLAALKPK,True,False,0.20588235294117646,6,0.1847132654402246,,
RandomMutation,KFWNLRGSARSKAIKNEKLYIFATSGKHACLKPK,False,False,0.23529411764705882,8,0.12339919397690574,,
RandomMutation,KAWNLRGSAREKAIKNEDLGIFATSGKLAALKPK,True,False,0.23529411764705882,5,0.22324474485808724,,
RandomMutation,KAWQLRGSAREKAIKNDKLYIFAGSGKLAALKPK,True,False,0.23529411764705882,7,0.2174064916023059,,
RandomMutation,HAWNLEGSAREKAIRNEKLYIFATSGKLAALKPK,True,False,0.23529411764705882,4,0.24052346983436018,,
RandomMutation,NAWNFRGSAREKAIVNEKLYIFATSGKLCALKPK,False,False,0.2647058823529412,5,0.057424036960287264,,
RandomMutation,KAWNLRGSAREKAIKNEKLYIFATSGKFAALKPK,True,False,0.23529411764705882,7,0.18756141710489443,,
RandomMutation,KAWNIRESAREKAIKNEKLYPFATDGKLAALKPK,True,False,0.20588235294117646,5,0.37786669564455966,,
RandomMutation,KAWNVRGSFREKAIKNEKLYIFATSGKLAALKPK,True,False,0.2647058823529412,7,0.22520886558182526,,
RandomMutation,GAWNLRGSAREKADKNEKLYIFATSGSLPALKPK,True,False,0.20588235294117646,4,0.49382375694664327,,
RandomMutation,KAWNLRGSFREKAIKNEKLYIFATSGKLAALKPK,True,False,0.2647058823529412,7,0.22534081054643137,,
RandomMutation,KAWNLRGSKREKAIKWEDLYIFATNGKNAALKPK,True,False,0.23529411764705882,6,0.1427160856575365,,
RandomMutation,KAWNLRGSAREKQIKNEKDHIFATSGKLAALKPV,True,False,0.23529411764705882,5,0.2254298138927086,,
RandomMutation,KAWNLRGIAREKAIKNEKLYIFATSGKLAALQPK,True,False,0.2647058823529412,6,0.07951423314481429,,
RandomMutation,PAWNVRGSAREKAIKNEKLYFFATYGKLAALKPK,True,False,0.23529411764705882,6,0.1773432284118161,,
RandomMutation,KAWNCRGSARETAIKNEKLYIFAWSGKLAALKPK,False,False,0.23529411764705882,6,0.16951370159426826,,
RandomMutation,KAWQLRGSAREKACKNEKLYIFATSGKLAALKLK,False,False,0.23529411764705882,7,0.07458532105623158,,
RandomMutation,KAWNLVGSAKEKAIKNEKLYIFATSDRLAALKPK,True,False,0.2647058823529412,5,0.5572470530788374,,
RandomMutation,KAWNLRGSAWEKAIKNEKLYQFATSGKLAALKPK,True,False,0.23529411764705882,6,0.22243107207020804,,
RandomMutation,KAWIMQGRAREKAIKNEKLYIFATSGKIAALKPK,True,False,0.23529411764705882,7,0.23134076690934938,,
RandomMutation,HAWLLRGSAREEAIKNEKLYIFATSGKLAALPPK,True,True,0.2647058823529412,3,0.111324892291292,,
RandomMutation,KAWNLRGALRPKAIKNEKLYIRATSGKLAALKPL,True,False,0.2647058823529412,8,0.5003900404521432,,
RandomMutation,KAWNTRGSAREKAIKNYKLYIFATSGKLAALKPD,True,False,0.20588235294117646,6,0.3240525556288799,,
RandomMutation,KAWTLRGSARKKAIKNEKLYIFATSGKLAALKNK,True,False,0.23529411764705882,9,0.1966179066822917,,
RandomMutation,KAWNLRGIAREKAIKNEKLYIFATSGKLAALKPK,True,False,0.2647058823529412,7,0.08538163956279637,,
RandomMutation,KASNLRGSAGEKAIKNEKLYIFAPSGKLAALKPK,True,False,0.20588235294117646,6,0.28582947119969077,,
RandomMutation,KAWNLRGSAREKAIKNEKLYIFATSGILAALKPK,True,False,0.2647058823529412,6,0.3979341172413728,,
RandomMutation,KAWNYRGSAREKAIKREKLYLFATSGKLAALKPK,True,False,0.20588235294117646,8,0.26757510866465223,,
RandomMutation,KAWGLRGVAREKAIVNEKLYIFATSGKLAALKPK,True,False,0.29411764705882354,6,0.2547633609118646,,
RandomMutation,KAWNLRGSAREKAIKNEKLYIFATSDKLAALKPK,True,False,0.23529411764705882,6,0.29532706076393783,,
RandomMutation,KAWNLRGSAREKAIKNEKMYDFAHSGKLACLKPK,False,False,0.17647058823529413,6,0.19742881466582476,,
RandomMutation,KAWNLRGSAREKAIKNEKLIIFATSGKLAPLHPK,True,True,0.2647058823529412,6,0.39285441212068184,,
RandomMutation,RKWNLRGSAREKAIKFEKLYIACTSGKLAALKPK,False,False,0.23529411764705882,8,0.17963187038014816,,
RandomMutation,KAWNLRGSAREKAVKREKLEIFATSGKLAALCPK,False,False,0.23529411764705882,6,0.30452580095017456,,
RandomMutation,KAINLRGSAREKAIKNEDLYIFATSGKLAALKPK,True,False,0.23529411764705882,5,0.31594824042026837,,
RandomMutation,KAWNYRVSQREKAIKNEKLYIFATSGPLAELKPK,True,False,0.23529411764705882,5,0.5451268643892793,,
RandomMutation,KAWRLRGSKREKAIKNEKKYMFATSGKLAALKPK,True,False,0.17647058823529413,10,0.3555793940876065,,
RandomMutation,KAWNHRFSYREKAIKNEILYIFATSGKLAALKPK,True,False,0.2647058823529412,6,0.5859707568345949,,
RandomMutation,KAWNLRGSARSKAIKNEKLYIFATSGKLAALKPK,True,False,0.23529411764705882,8,0.1545917606435514,,
RandomMutation,KAWNLRGWAREKAIKNEKLYRFITSGKLMALKPK,True,False,0.2647058823529412,8,0.3162171220131711,,
RandomMutation,KAWNLGGSAREKANKNFKLCIFATSGKLAALKPK,False,False,0.23529411764705882,7,0.6004779142714117,,
RandomMutation,KAWNLIGSAREKAIKNEKLYIFQTSGKLAALKPK,True,False,0.2647058823529412,6,0.5217703502224624,,
RandomMutation,KQWLLRGSAREKAIKEHKLYIFATSGKLWALKPK,True,True,0.29411764705882354,7,0.1278912619266505,,
RandomMutation,KAWILRFAIREKAIKNEKLYIFATSGKLAALKPK,True,True,0.3235294117647059,7,0.09509734751231011,,
RandomMutation,KEWNLRGSAREKSIKNDKLYIFADSGKLAALKPK,True,False,0.23529411764705882,5,0.13740747296792827,,
RandomMutation,KAWNLMGCAREKAIKNEKLYIFATSGKLAALKPK,False,False,0.23529411764705882,6,0.30796876851768734,,
RandomMutation,KAWGLRGSAREKAIKNEKLYIFATQGKQAALAPK,True,False,0.20588235294117646,6,0.025313283114416378,,
RandomMutation,KAWNLRGSARELAIKNEKLYIFITSGKLAALKPK,True,True,0.29411764705882354,6,0.2913153100340032,,
RandomMutation,KAINLRGSAREKAIKNEKTYIFATSGKLGALKPK,True,False,0.20588235294117646,7,0.4727392511158004,,
RandomMutation,KAWNLKGSAREKAIKNEKLYIFATFGHLAACKPK,False,False,0.23529411764705882,6,0.20504647739086934,,
RandomMutation,KQWNLRGSAREKAIKWEKLYIFTTSGKLAALPMK,True,False,0.2647058823529412,6,0.16037132179499838,,
RandomMutation,KNWNLRGSAREKAIANECLYIFATSGKLAALKPK,False,False,0.23529411764705882,5,0.3103324435897454,,
RandomMutation,KAWNLRKSAREKAIGKEKLYIFATSGKLAALKPP,True,False,0.23529411764705882,7,0.20951599374803823,,
RandomMutation,KAWILRGSAREGAIKYEKLYPFATNGKLAALKPK,True,True,0.23529411764705882,6,0.3368953944031726,,
RandomMutation,KPWNLRGSAYEKTIKNEKLGIFATSGKLAALCPK,False,False,0.23529411764705882,5,0.36500340711609247,,
RandomMutation,KAWILRGSAREKAIKNEKLYIFATSGKLAALKPK,True,True,0.2647058823529412,7,0.07617219480715291,,
RandomMutation,NAWNLRGSAREKGIANEKLYIHATSGKLAALKPT,True,False,0.20588235294117646,4,0.21015238280316653,,
RandomMutation,KAWALRGSAEEKAIKNEKLYIFATSGKLAALKPK,True,False,0.23529411764705882,5,0.10781038581403656,,
RandomMutation,KAWNLRNSHREKAIKNEKLMIFAQSGKLAALKPK,True,False,0.23529411764705882,7,0.14338276791415616,,
RandomMutation,KAWNLRGSAREPAIKNEKLYIFKTSGKLAALNPK,True,False,0.23529411764705882,6,0.23470491687002598,,
RandomMutation,KAWNLRGSAREAAIKNEKFYIFATSYKLAALKPK,True,False,0.23529411764705882,6,0.21128948840841932,,
RandomMutation,KAWNLRGSARENAIKNEKLYIFATSGKLAALKPK,True,False,0.23529411764705882,6,0.2032296809675935,,
RandomMutation,KAWNIRTSAMEKAIYNEKLYIFNTSGKLAALKPK,True,False,0.23529411764705882,5,0.38530016538291223,,
RandomMutation,KAWNLMGSAREKAIKNEKLYIFATSGKLCALKPK,False,False,0.23529411764705882,6,0.38106246638441865,,
RandomMutation,KAWNPRGSAREKAKKNFKLYIFATSGKLAALKPK,True,False,0.20588235294117646,9,0.3684476031542951,,
RandomMutation,KAWQLRGSAREKAIKNEKLYIFATSGKLAALKPK,True,False,0.23529411764705882,7,0.20858574754171846,,
RandomMutation,KAWNLRGSAREKAIKNEKLYIFATEGTLAALKPK,True,False,0.23529411764705882,5,0.31591761920674244,,
RandomMutation,KNLNLRGSAREKAIGNEKLYIFATSGKLEALKPK,True,False,0.23529411764705882,5,0.20879942021480713,,
RandomMutation,KAWNLRDSAREKAIKNEKLYIHATGGKLAALKPK,True,False,0.20588235294117646,6,0.4139558253826597,,
RandomMutation,KAWNLMGSAREKAIKNEKLYIFATSGKLAALKPK,True,False,0.23529411764705882,6,0.39678848520576276,,
RandomMutation,KAWELRGSAREKAIKNEKLYIIATSGKHAAAKPK,True,False,0.17647058823529413,6,0.11288056865620331,,
RandomMutation,KAWNLRGSAREKAIKNMKLYIFATSGWLAALKPK,True,False,0.2647058823529412,7,0.4028159986429921,,
RandomMutation,KAWQLRGSAREKAIKEEKLYIFATSGKLAALFPK,True,False,0.2647058823529412,5,0.3074638792314152,,
RandomMutation,KAWNLRGSAREKAIKNEKLYIFAASGKLAALKPK,True,False,0.23529411764705882,7,0.28209727132447726,,
RandomMutation,KAWNLLASAREKAGKNEKLYIFATSGKLAAHKPK,True,False,0.20588235294117646,6,0.2232937496013068,,
RandomMutation,KAWNLTGLAREKAIKNEKLYIFATSTKLAALKPK,True,False,0.2647058823529412,6,0.20721951996999372,,
RandomMutation,KAWNLRGSAREKAIKNDKLYIFAGGGKLAALKPK,True,False,0.23529411764705882,7,0.21538801047758793,,
RandomMutation,KAKNLRGSAREKAIKNKYLYIFATSGKLSALKPK,True,False,0.20588235294117646,9,0.18678819893818863,,
RandomMutation,KAWNLRGSAEEKAIKNEKLYIFATSGKLAALKPK,True,False,0.23529411764705882,5,0.2314451269197673,,
RandomMutation,KAWNLRGSAREKAIKNEKLYIFWTSGKLAALKPK,True,True,0.2647058823529412,7,0.23394054627646918,,
RandomMutation,KAWQLRGSAREKAIWNEKLYIFATSGKLAAYKPR,True,False,0.23529411764705882,6,0.0676337274341987,,
RandomMutation,KAWNLPGSAREKAIKNEKLYIFATSGKLAAMKPK,True,False,0.20588235294117646,6,0.24169115964177662,,
RandomMutation,KAWNLRGSAREKAIKNEKLYIFATSGKLAALKYK,True,False,0.23529411764705882,7,0.1997652494975341,,
RandomMutation,KAQNLRGSAEIKGIKNEKLYIFATSGKLHALKPK,True,False,0.23529411764705882,6,0.06953239013752448,,
RandomMutation,KAWNLRGSAREKAIKNEKLYIFATSGKHAALKPK,True,False,0.20588235294117646,7,0.14676202427857177,,
RandomMutation,KAWNDRGSAREKAIKNNKLYIFATSGKLAALKPK,True,False,0.20588235294117646,7,0.3207685442193641,,
RandomMutation,YAWNLRGSAREKAIKNEKLYLFATSWKLAALKPS,True,False,0.2647058823529412,5,0.23095437705207492,,
RandomMutation,KAWNLRMSAYEKAIKNEKLYIFATSGGLAALKPK,True,False,0.23529411764705882,5,0.32199547418717034,,
RandomMutation,KAWNLRGSARELAIKNQKLYIFRTSGKLAACYPK,False,False,0.23529411764705882,7,0.1256938384704753,,
RandomMutation,KAPTLRGSAPEKAIKNEKLYIKATSGKLAALKPK,True,False,0.17647058823529413,7,0.3714278310714918,,
RandomMutation,KAWNLRGSAREKAIKNEKLKIMAASGKLAALKPK,True,False,0.20588235294117646,8,0.25076043030295897,,
RandomMutation,KAWNLRKSMREKAIKNERLYIFATSGKLNALKPK,True,False,0.23529411764705882,8,0.42109680104427233,,
BasicGA,KWQVCPRGCNYGWPKIPRKLRGVVVLLLVVLPIV,False,True,0.47058823529411764,6,1.0129155184688337,0.88,
BasicGA,QWQHCFRGCKTAWPKIPRVLRGVVVLLPLVLQIV,False,True,0.47058823529411764,5,1.463475184377371,0.875,
BasicGA,LAQKCRRGYNTHWWCIPRVLRGKVVLLLVVTKIV,False,True,0.4411764705882353,7,1.106334250475383,0.875,
BasicGA,KWQKCQRGCNTAWPKIPRVLRGVVVLLLVVLGIV,False,True,0.47058823529411764,6,1.2557588070777934,0.875,
BasicGA,QHQKCQRGCGTAWWKSPRVLRGVVVLLLVVLCIV,False,True,0.4411764705882353,5,0.9034485114730642,0.865,
BasicGA,LKQKCQRGCGTAWWIIPRVLRGVVVLLLVRYQIV,False,True,0.47058823529411764,6,1.1681811512460027,0.845,
BasicGA,LCQKIFRGPNTAWWKIPRVLRGVVVTLLVVLQIQ,False,True,0.5,5,1.2240397200708486,0.845,
BasicGA,LKQKCQRGCNTAWWKIPRVLRGVVVLLLVVLQIV,False,True,0.5,6,1.4358135396490364,0.835,
BasicGA,LKQKCQRGCGTAWWKIPRVLRGVVVLLLVVYQIV,False,True,0.47058823529411764,6,1.3428346886519742,0.83,
BasicGA,TKQKCVRGYQTCWWKIPRVLRGVYVLLLVFYQQV,False,True,0.4117647058823529,6,1.163613651700847,0.8,
BasicGA,IKYGCVRGCSTCWWKIPRVLRGVVLYGQGNFRCV,False,True,0.35294117647058826,6,1.2087794850385387,0.8,
BasicGA,YKYKCVRGCSKCVPCIRGVLHGVQLYGVFNFRCV,False,False,0.3235294117647059,6,0.9535268695705436,0.76,
BasicGA,LKQKCVRGCQTAWWIIRGVLGKSCVLLLVVYYQV,False,True,0.4411764705882353,5,1.0242514920640122,0.755,
BasicGA,LKQKCVRGCQTAWWIIRGVLGKSCVLLLVQQYCV,False,True,0.4117647058823529,5,0.8449110929856074,0.745,
BasicGA,IQVKCVRGCSKCVPCIRGDLGGVYIYLVFNYQCV,False,True,0.35294117647058826,3,0.7830895094144895,0.72,
BasicGA,IPLKCVNGCSTCVDRAIQGKWGVHIQLFFCVQQV,False,True,0.38235294117647056,2,1.0497973771723956,0.69,
BasicGA,IQMKCVRGCPTCKPTIQGVLGGVYVYLFFNYPCV,False,True,0.3235294117647059,3,0.780682764261015,0.675,
BasicGA,IQQKCVRGCSTCVPTAQGVLPGVYIYLFFNYQCV,False,True,0.3235294117647059,2,0.9738388952868294,0.665,
BasicGA,IQLKCVWGQVTCNPTAQQFLPGVSIRLFFCVQQV,False,True,0.4117647058823529,2,0.6686953267405925,0.62,
BasicGA,IQLKCVWGSVSCCPTMQQSRCGVSRILFPCVQAV,False,True,0.3235294117647059,3,0.8557386372866019,0.55,
ConstrainedGA,FGVKWQVVALSVAVKLLYLYLPWRLGNLAALKIP,True,False,0.5,4,0.24906322537582526,0.8533333333333334,
ConstrainedGA,FGVKWQVVALSVAVKLLYLYLPWRLGVNAALKIP,True,False,0.5,4,0.09134045781798919,0.8333333333333334,
ConstrainedGA,FGVKWQVVALSVAVKLLYLYLPARLGKLAALKPP,True,False,0.4411764705882353,5,0.2546568324835547,0.8066666666666666,
ConstrainedGA,FGVKWQVVALSVAVKLLYLYLPADLGKLAALKPP,True,False,0.4411764705882353,3,0.27622117456716594,0.8066666666666666,
ConstrainedGA,FDVKWQVVALSWALKTSYLYLPARLGKLKAPKPP,True,False,0.35294117647058826,5,0.38796977426203944,0.7933333333333333,
ConstrainedGA,FGVKWQVVALSWALKLSYLYLPARLGKLAKLKPP,True,False,0.4117647058823529,6,0.4493193728071059,0.78,
ConstrainedGA,SVWQLQKWARPVALKLDYLYQFATLGSLAKLKPK,True,False,0.35294117647058826,5,0.5536830110980417,0.7666666666666667,
ConstrainedGA,RHWTLQKVHAQVALKLDYLYLFAYLGKLANLKPK,True,False,0.35294117647058826,5,0.1345264921919142,0.7266666666666667,
ConstrainedGA,YAWTLNKLNFNKALTIDPLKNVYKLKKLAKLKWK,True,False,0.35294117647058826,8,0.23804906200229414,0.7066666666666667,
ConstrainedGA,SIWQLQKVARPVALKLDYLYQFATLGQLAKLKPK,True,False,0.35294117647058826,5,0.549087461796471,0.7066666666666667,
ConstrainedGA,YAWTLNKLNRPVALKLDYLYQFATWGQLQKLKPV,True,False,0.35294117647058826,4,0.7902770090672118,0.7066666666666667,
ConstrainedGA,SAWQLYGSARPKALKNDYLYIFATFGQLAKLKPK,True,False,0.2647058823529412,5,0.3381125777556442,0.6533333333333333,
ConstrainedGA,WPIYVNQLHAVKALDTQPHKHFKKLGKLATPHWK,True,False,0.29411764705882354,5,0.8695365435438225,0.6333333333333333,
ConstrainedGA,SAWNLYGSARPKALKNDYLYIFATFGKLAKLKPK,True,False,0.2647058823529412,6,0.34222355109789093,0.6066666666666667,
ConstrainedGA,KQWNPRLHFRLKAIKNEKLYIFAWYGQLAALKPR,True,False,0.3235294117647059,7,0.5024285712786315,0.54,
ESM2_NSGA2,FGVKWQVVALSVAVKLLYLYLPWRLGVNAALKIP,True,False,0.5,4,0.09134045781798919,0.552,1.0
ESM2_NSGA2,FGVKWQVVALSVAVKLLYLYLPARLGKLAALKPP,True,False,0.4411764705882353,5,0.2546568324835547,0.604,1.0
ESM2_NSGA2,FGVKWQVVALSVAVKLLYLYLPADLGKLAALKPP,True,False,0.4411764705882353,3,0.27622117456716594,0.584,1.0
ESM2_NSGA2,WPIYVNQLHAVKALDTQPHKHFKKLGKLATPHWK,True,False,0.29411764705882354,5,0.8695365435438225,0.408,1.0
ESM2_NSGA2,SAWNLYGSARPKALKNDYLYIFATFGKLAKLKPK,True,False,0.2647058823529412,6,0.34222355109789093,0.324,1.0
ESM2_NSGA2,KQWNPRLHFRLKAIKNEKLYIFAWYGQLAALKPR,True,False,0.3235294117647059,7,0.5024285712786315,0.388,1.0
ESM2_NSGA2,FGVKWQVVALSWALKLSYLYLPARLGKLAKLKPP,True,False,0.4117647058823529,6,0.4493193728071059,0.52,1.0
ESM2_NSGA2,YAWTLNKLNRPVALKLDYLYQFATWGQLQKLKPV,True,False,0.35294117647058826,4,0.7902770090672118,0.44,1.0
ESM2_NSGA2,SAWQLYGSARPKALKNDYLYIFATFGQLAKLKPK,True,False,0.2647058823529412,5,0.3381125777556442,0.336,1.0
ESM2_NSGA2,FDVKWQVVALSWALKTSYLYLPARLGKLKAPKPP,True,False,0.35294117647058826,5,0.38796977426203944,0.456,1.0
ESM2_NSGA2,FGVKWQVVALSVAVKLLYLYLPWRLGNLAALKIP,True,False,0.5,4,0.24906322537582526,0.536,1.0
ESM2_NSGA2,YAWTLNKLNFNKALTIDPLKNVYKLKKLAKLKWK,True,False,0.35294117647058826,8,0.23804906200229414,0.452,1.0
ESM2_NSGA2,SVWQLQKWARPVALKLDYLYQFATLGSLAKLKPK,True,False,0.35294117647058826,5,0.5536830110980417,0.4,1.0
ESM2_NSGA2,SIWQLQKVARPVALKLDYLYQFATLGQLAKLKPK,True,False,0.35294117647058826,5,0.549087461796471,0.42,1.0
ESM2_NSGA2,RHWTLQKVHAQVALKLDYLYLFAYLGKLANLKPK,True,False,0.35294117647058826,5,0.1345264921919142,0.456,2.0
