Rank,Score,GenFound,Sequence,SelectedModelScore
1,0.8533333333333334,33,FGVKWQVVALSVAVKLLYLYLPWRLGNLAALKIP,0.536
2,0.8333333333333334,32,FGVKWQVVALSVAVKLLYLYLPWRLGVNAALKIP,0.552
3,0.8066666666666666,23,FGVKWQVVALSVAVKLLYLYLPARLGKLAALKPP,0.604
4,0.8066666666666666,30,FGVKWQVVALSVAVKLLYLYLPADLGKLAALKPP,0.584
5,0.7933333333333333,22,FDVKWQVVALSWALKTSYLYLPARLGKLKAPKPP,0.456
6,0.78,19,FGVKWQVVALSWALKLSYLYLPARLGKLAKLKPP,0.52
7,0.7666666666666667,16,SVWQLQKWARPVALKLDYLYQFATLGSLAKLKPK,0.4
8,0.7266666666666667,15,RHWTLQKVHAQVALKLDYLYLFAYLGKLANLKPK,0.456
9,0.7066666666666667,9,YAWTLNKLNFNKALTIDPLKNVYKLKKLAKLKWK,0.452
10,0.7066666666666667,12,SIWQLQKVARPVALKLDYLYQFATLGQLAKLKPK,0.42
11,0.7066666666666667,13,YAWTLNKLNRPVALKLDYLYQFATWGQLQKLKPV,0.44
12,0.6533333333333333,7,SAWQLYGSARPKALKNDYLYIFATFGQLAKLKPK,0.336
13,0.6333333333333333,3,WPIYVNQLHAVKALDTQPHKHFKKLGKLATPHWK,0.408
14,0.6066666666666667,2,SAWNLYGSARPKALKNDYLYIFATFGKLAKLKPK,0.324
15,0.54,1,KQWNPRLHFRLKAIKNEKLYIFAWYGQLAALKPR,0.388
