Sequence,PC1,PC2,Group
GIGKFLHSAKKFGKAWVGEIMNS,0.48654908,-0.42796728,Training
GLGKFLHSAKRFGKAFVGEAMNS,-0.059178278,-0.4117863,Training
GIGKFIHSAKKFGKLFVGEIMNS,0.18135467,-0.59401953,Training
GIGKFIHAAKKFGKLFIGEIMNS,0.5352456,-0.5169356,Training
GIGKFIHSAKRFGRAWVGEIMNS,-0.10206644,-0.39773995,Training
GIAKFGKAAAHFGKKWVGELMNS,1.6517781,0.054865763,Training
GIGHFLHKVKSFGKSWIGEIMNS,0.4299138,-0.39508635,Training
FKRIVQRIKDFLR,0.46725798,0.04916699,Training
GIGKFLHSAKKFGKAFVGEIMNS,0.6690357,-0.4382646,Training
KWKLFKKIGAVLKVL,0.26194242,-0.1080308,Training
ILPWKWPWWPWRR,-2.3030813,0.89796966,Training
FLGALFKVASKVLPSVKCAITKKC,1.273696,0.08437551,Training
GRFKRFRKKFKKLFKKLS,0.546635,1.2299242,Training
FLGALFKVASKVL,0.9199615,0.05823583,Training
GALFKVASKVL,0.4999794,-0.17681488,Training
FLKALFKVASKVL,0.12878056,-0.27874783,Training
FLKALFKVALKVL,0.35732722,0.036016032,Training
WLGALFKVASKVL,1.0101441,0.27970248,Training
WLGALFKVASK,0.16806443,-0.1493091,Training
FLGALWKVASK,-0.1797645,-0.35170153,Training
FLGKLFKVASK,-0.24254337,-0.5095074,Training
FLGALFKKASK,0.7241729,-0.2536812,Training
FLGALFKFASK,-0.38634807,-0.5460252,Training
FLGWLFKWASK,0.7685185,0.37660047,Training
GIGKFLKKAKKFGKAFVKILKK,2.4854407,0.85649717,Training
GLFDIIKKIAESF,0.827568,-0.50101304,Training
RAGLQFPVGRVHRLLRK,-1.9016421,0.2576452,Training
FPVGRVHRLLRK,-1.693386,0.03625128,Training
RAGLQFPVGRLLRRLLRRLLR,-1.7192671,2.1076329,Training
AKKVFKRLEKLFSKIQNWK,0.14786401,-0.44270843,Training
AKKVFKRLEKLFSKIWNDK,0.45084733,-0.36277872,Training
AKKVFKRLEKLFSKIWNWK,0.5489091,0.0676379,Training
AKKVFKRLEKLFSKIFNFK,0.28189975,-0.2895573,Training
AKKVFKRLEKLFSKIYNYK,-0.019475348,-0.7149479,Training
FLGWLFKVASK,-0.057730418,-0.14398962,Training
GLPALISWIKRKRQQ,-0.23307517,-0.42918488,Training
LLPALISWIKRKRQQ,-0.5004489,-0.47128123,Training
GSPALISWIKRKRQQ,-1.3163621,-0.6893789,Training
GLLALISWIKRKRQQ,0.04247479,-0.26248625,Training
GLSALISWIKRKRQQ,-0.2796381,-0.41709772,Training
GLPASISWIKRKRQQ,-1.6206077,-0.64932054,Training
GLPALILWIKRKRQQ,-0.42362776,-0.44358718,Training
GLPALISSIKRKRQQ,-1.0137985,-0.688359,Training
GLPALISWSKRKRQQ,-1.5526824,-0.5577824,Training
GWGSFFKKAAHVGKHVGKAALTHYL,1.3308802,0.13006796,Training
SMLSVLKNLGKVGLGFVACKINKQC,-0.17420352,-0.55018824,Training
GLFLDTLKGAAKDVAGKLEGLKCKITGCKLP,1.7426549,0.35240516,Training
FLPFIARLAAKVFPSIICSVTKKC,-0.6433404,-0.41514552,Training
FISAIASFLGKFL,0.46575925,-0.37013754,Training
FLFPLITSFLSKVL,-1.8862771,-0.85319793,Training
FLPLLAGLAANFLPKIFCKITRKC,0.12649362,-0.34447673,Training
ILGTILGLLKGL,2.238938,0.8098288,Training
RRWVRRVRRWVRRVVRVVRRWVRR,-1.9741275,4.9661674,Training
FAKKLAKLAKKLAKLAL,1.7575327,1.1278273,Training
FAKLLAKLAKKLL,1.5490515,0.5177954,Training
GGLRSLGRKILRAWKKYGPQATPATRQ,-0.56653225,-0.19134808,Training
FIGAIARLLSKIF,0.82102066,-0.10649192,Training
AALKGCWTKSIPPKPCFGKR,-1.126151,-0.5422009,Training
GVLGAVKDLLIGAGKSAAQSVLKTLSCKLSNDC,1.5234531,0.117008045,Training
GFLDTFKNLALNAAKSAGVSVLNSLSCKLFKTC,0.6589305,-0.3629518,Training
GFMDTAKNAAKNVAVTLLDNLKCKITKAC,1.6612934,-0.13736838,Training
FMPILSCSRFKRC,-2.193544,-0.558578,Training
GIFGKILGVGKKVLCGLSGVC,1.8282257,1.0303779,Training
ATAWDFGPHGLLPIRPIRIRPLCGKDKS,-1.1878862,-0.5302472,Training
VIPFVASVAAEMMQHVYCAASKKC,-0.22778328,-0.49276063,Training
GLLSGILGAGKHIVCGLSGPCQSLNRKSSDVEYHLAKC,-0.21682286,-0.38010877,Training
TSRCYIGYRRKVVCS,-1.9159746,-0.37462613,Training
GLFGKSSVWGRKYYVDLAGCAKA,-0.54355836,-0.4712535,Training
GLLSGILGAGKHIVCGLSGLC,1.910511,0.87401295,Training
GLLSGVLGVGKKVLCGLSGLC,1.7555304,1.5462214,Training
GLLSGILGAGKHIVCGLSGLR,1.6658055,0.8785718,Training
GIGKFLHAAKKFAKAFVAEIMNS,0.8743089,-0.37830693,Training
LGGIVSAVKKIVDFLG,1.9843285,0.6722521,Training
KWKSFLRTLKSPAKTVFHTALKAISS,0.29458514,-0.4527977,Training
KILRGVCKKIMRTFLRRISKDILTGKK,-0.23856224,-0.09812917,Training
KILRGVSKKIMRTFLRRISKDILTGKK,0.17030741,0.023643935,Training
KISKKIMRTFLRRISKDILTGKK,0.07130793,-0.5034046,Training
KILRGVSKKIMRRISKDILTGKK,0.3070949,-0.048078887,Training
KISKRILTGKK,-0.6783828,-0.7232318,Training
GLGSVFGRLARILGRVIPKV,1.3544724,1.3627394,Training
GLLSKFGRLARKLARVIPKV,1.4869236,1.0585814,Training
KWCFRVCYRGICYRRCR,-1.4482825,1.2682096,Training
FLPKMSTKLRVPYRRGTKDYH,-1.3557179,-0.7519827,Training
GILKKFMLHRGTKVYKMRTLSKRSH,-1.1289656,-0.6407894,Training
FFGKVLKLIRKIF,0.8007534,0.009940226,Training
GRFKRFRKKFKKLFKKLSPVIPLLHLG,-0.11156441,0.5868943,Training
GFGSFLGKALKAALKIGANVLGGAPQQ,1.8669,0.548831,Training
GVIIDTLKGAAKTVAAELLRKAHCKLTNSC,0.37039033,-0.508494,Training
GLKEVLHSTKKFAKGFITGLTGQ,1.4712076,-0.056302164,Training
GMATAAGTTLGKLAKFVIGAV,1.7475467,0.3600944,Training
GFWTTAAEGLKKFAKAGLASILNPK,1.617072,-0.11401719,Training
GVWTTILGGLKKFAKGGLEALTNPK,1.9548849,0.397578,Training
GFRDVLKGAAKAFVKTVAGHIAN,1.7270048,0.24434558,Training
FFHHIFRGIVHVGKTIHRLVTG,0.17513777,0.42356002,Training
SMLSVLKNLGKVGLGFVASKINKQS,0.81135994,-0.3639004,Training
SMLAVLKNLGKVGLGFVACKINKQC,-0.16810347,-0.5248399,Training
SMLSVLRNLGKVGLGFVACKINKQC,-0.7853849,-0.5358771,Training
SMLSVLKNLGRVGLGFVACKINKQC,-0.62595785,-0.5337266,Training
SMLSVLKNLGKVGLGFVAAKIAKQA,1.5760531,0.0073480704,Training
SMLSVLKKLGKVGLGFVACKINKQC,-0.117113605,-0.39103964,Training
SMLSVLKNLGKVGLGFVACKINKKC,0.4738863,-0.32592323,Training
GLPALISWIKRKRGG,0.29454365,0.068585515,Training
GLPALISWIKRKRQ,-0.025894754,-0.32231548,Training
GLPALISWIKRKRL,0.06525734,-0.20010865,Training
GLPALISWIKRKR,0.40222144,-0.052110814,Training
FFFLSRIF,-2.0416415,-0.58393043,Training
ILPILSLIGGLL,1.5978959,0.4798563,Training
SAVGRHGRRFGLRKHRKH,-1.3806084,0.5562354,Training
GLNALKKVFQGIHEAIKLINNHVQ,0.41720298,-0.6958005,Training
GIGKHVGKALKGLKGLLKGLGES,2.342788,1.1496341,Training
NLWAGILKHIIK,-0.1509133,-0.76495355,Training
KNWGAILKHIIK,-0.092554614,-0.81009054,Training
LNWKAILKHIIK,-0.64759314,-1.0359398,Training
LNWGKILKHIIK,-0.2072419,-0.7749469,Training
LNWGAILKKIIK,0.4091601,-0.5221651,Training
LNWGAILKHIKK,-0.22797062,-0.8353846,Training
KNWGKILKHIIK,0.14825064,-0.690197,Training
KNWKAILKHIIK,-0.27944988,-0.9743324,Training
LNWGALLKHLLK,-0.014093294,-0.44667435,Training
GFGMALKLLKKVL,0.8499135,-0.04771701,Training
AFGMALKLLKKVL,1.1201781,-0.095514774,Training
LFGMALKLLKKVL,0.83043295,0.026257884,Training
GFKMALKLLKKVL,0.64780986,-0.0820167,Training
VNWKKILGKIIKVVK,0.43187854,-0.2205819,Training
KIKIPWGKVKDFLVGGMKAV,0.9129287,-0.08116332,Training
GIIKKIIKKIIKKI,1.0111886,0.5882066,Training
RIKRFWPVVIRTVVAGYNLYRAIKKK,0.9053276,0.13627309,Training
ILPWKWPWWPARR,-2.3961003,0.49622348,Training
KVFKRLEKLFSKI,-0.15835235,-0.5219696,Training
FKRLKKLFKKIWNWK,0.4842455,0.31848934,Training
GGYYCPFFQDKCHRHCRSFGRKAGYCGGFLKKTCICV,0.13351631,0.042611253,Training
VRRFAWWWAFLRR,-1.8087872,1.3888946,Training
VRRYPWWWPYLRR,-1.6248436,1.2905327,Training
VRRFAWWWPFLRR,-1.9843307,1.3325534,Training
VRRFPWWWAFLRR,-1.8478109,1.334368,Training
GSKKPVPIIYCNRRSGKCQRM,-1.4204568,-0.6627869,Training
FVPWFSKFLGRIL,-1.0688231,-0.2888215,Training
AVVKVPLKKFKSIRETMKEKGLLEDF,0.6300347,-0.5021446,Training
YSKSLPLSVLNP,-1.647858,-0.9866828,Training
GKCNVLCQLKQKLRSIGSGSHIGSVVLPRG,-1.3212123,-0.5308404,Training
FFGSVLKLIPKIL,0.15264007,-0.4268872,Training
KPYLKRFQVYYKGRMWC,-1.2642779,-0.5388214,Training
GVVVRVGRVVVRGVRR,-1.1673536,3.6196952,Training
GVVVRIGRVVVRGVRR,-1.0778404,3.387567,Training
GVVVRWGRVVVRGVRR,-1.4195576,3.6645048,Training
GVVVRIGRVIVRGVRR,-0.814219,3.1309178,Training
GVVVRWGRVWVRGVRR,-1.519686,3.2446797,Training
VQLRIRVAVIRA,-1.3494234,0.11875488,Training
RLLRPLLQLLKQKLR,-1.3321453,0.77827114,Training
LVKKLLKLAMGFG,-0.00018201442,0.015998958,Training
GFGKALKLLKKVL,1.6585898,0.41536483,Training
AKKVFKRLEKLFSKIQNDK,0.33693823,-0.75114197,Training
KFFKKLKNSVKKRAKKFFKKPRVIGVSIPF,0.59496903,0.21147649,Training
GFLSILKKVLPKVMAHMKGFLSIL,-0.52030116,-0.13456021,Training
GFLSILKKVLPKVMAHMKGFLSILKKVLP,-0.062798806,0.76424986,Training
AMAYLAKDNLGEKITEVITILLNRLTDRLEKYAG,0.3092211,-0.73792315,Training
MDKYIRKEDLGMKMLDVAKILGRRIEKRMEYIAKK,0.3092854,-0.47862962,Training
IDTYSRKDDLDKKLLEVAKIIGRRLEKRHEYLAMK,0.15159082,-0.7460098,Training
IRKYLEEDNLGEKLAAVVSIYVKRLNKRLDMR,0.14722675,-0.66348493,Training
CKGKGAKCSRLMYDCCTGSCRSGKC,0.23279375,0.1060134,Training
KKLRLKIAFK,-1.1261237,-0.7107772,Training
GLRKWLRKFKKFW,-0.46900874,0.4968884,Training
KAWNLRGSAREKAIKNEKLYIFATSGKLAALKPK,-0.31551895,-0.8168483,cBD3-ABU
FGVKWQVVALSVAVKLLYLYLPWRLGNLAALKIP,-0.14447851,-0.3269699,Candidates
FGVKWQVVALSVAVKLLYLYLPWRLGVNAALKIP,-0.029838365,-0.21875805,Candidates
FGVKWQVVALSVAVKLLYLYLPARLGKLAALKPP,0.11697229,-0.2097336,Candidates
FGVKWQVVALSVAVKLLYLYLPADLGKLAALKPP,0.19494154,-0.2718161,Candidates
FDVKWQVVALSWALKTSYLYLPARLGKLKAPKPP,-0.5563868,-0.56204516,Candidates
FGVKWQVVALSWALKLSYLYLPARLGKLAKLKPP,-0.4036485,-0.40910515,Candidates
SVWQLQKWARPVALKLDYLYQFATLGSLAKLKPK,-0.8555698,-0.7303463,Rank7
RHWTLQKVHAQVALKLDYLYLFAYLGKLANLKPK,-1.114605,-0.92083764,Candidates
YAWTLNKLNFNKALTIDPLKNVYKLKKLAKLKWK,-0.27523512,-0.90790606,Rank9
SIWQLQKVARPVALKLDYLYQFATLGQLAKLKPK,-0.6404916,-0.7497211,Candidates
YAWTLNKLNRPVALKLDYLYQFATWGQLQKLKPV,-0.59345067,-0.7983551,Candidates
SAWQLYGSARPKALKNDYLYIFATFGQLAKLKPK,-0.84171975,-0.9658237,Rank12
WPIYVNQLHAVKALDTQPHKHFKKLGKLATPHWK,-0.8817055,-0.9686673,Candidates
SAWNLYGSARPKALKNDYLYIFATFGKLAKLKPK,-0.70045537,-0.96485513,Candidates
KQWNPRLHFRLKAIKNEKLYIFAWYGQLAALKPR,-1.1353863,-0.87970984,Candidates
