FeatureSet,Model,Accuracy_mean,Accuracy_std,ROC_AUC_mean,ROC_AUC_std,Precision_mean,Precision_std,Recall_mean,Recall_std,F1_mean,F1_std
DescriptorPlusESM2,RandomForest,0.7307563025210084,0.03414288920095204,0.8029015282583621,0.04489530002983696,0.7419044938549583,0.05953529435294291,0.7490196078431373,0.1144584225309511,0.7383943549460791,0.0441637626694194
ESM2Only,RandomForest,0.7252100840336134,0.04392715979389955,0.8016399942329873,0.027454512585331565,0.7546198830409356,0.0901292726994918,0.7156862745098038,0.08366906610779155,0.7278601980961328,0.03810254620648457
ESM2Only,HistGradientBoosting,0.7194957983193278,0.030843885033827116,0.7881680123029604,0.019663338431972183,0.7244444444444444,0.03959673262490104,0.7379084967320262,0.055670776326868815,0.7296611721611722,0.033389464567996296
DescriptorOnly,RandomForest,0.6838655462184875,0.0545875781307465,0.7775242695117262,0.06744357802348984,0.692578505086245,0.06759372899216101,0.7163398692810458,0.12129863193840473,0.6975264665587246,0.05775136106850981
DescriptorOnly,HistGradientBoosting,0.6487394957983194,0.057349478148289015,0.7773284313725489,0.05155757969694772,0.6657815734989648,0.06489321089168659,0.6601307189542484,0.1151004331069041,0.6565350877192981,0.06232940707362439
DescriptorPlusESM2,HistGradientBoosting,0.707563025210084,0.046655686193248086,0.7715878508266052,0.04899048688089026,0.7288888888888889,0.07395360574352776,0.7032679738562091,0.08012869310471589,0.7113312015671363,0.04524088580324262
DescriptorPlusESM2,LogisticRegression,0.7426890756302521,0.032050865230260635,0.7662557670126875,0.049067252947286755,0.7491503267973856,0.052975442466633375,0.7607843137254902,0.07731365890958584,0.7515774335129175,0.03640243883586596
ESM2Only,LogisticRegression,0.7305882352941178,0.07456911983668568,0.735373414071511,0.07091888081673327,0.7307824373768647,0.09073049367373305,0.7718954248366013,0.045423661055932166,0.7483184620026726,0.058774825446903815
DescriptorOnly,LogisticRegression,0.6722689075630253,0.06826923029105847,0.732766243752403,0.09035888616856955,0.670690094219506,0.07380191408813039,0.7379084967320261,0.12025966182263367,0.6966513056835637,0.06344696474405714
